checked_gene_symbol	gscore
A1BG	0.05
A2M	0.07
AADACL2	0.025
AADAT	0.1112
AAK1	0.1
AANAT	0
AARS1	0
AARS2	0.0162
AASS	0
ABAT	0.2
ABCA1	0.2
ABCA4	0.05
ABCA5	0.05
ABCB1	0.1562
ABCB11	0.1
ABCB4	0.05
ABCB5	0.05
ABCC1	0.1
ABCC10	0.05
ABCC11	0.05
ABCC2	0.05
ABCC3	0.05
ABCC4	0.05
ABCC5	0.1
ABCC6	0.0635
ABCC8	0.22
ABCC9	0.2
ABCG1	0.0909
ABCG2	0.1562
ABCG8	0.05
ABHD12	0.1075
ABHD6	0
ABI1	0.3938
ABL1	0.7978
ABL2	0.4354
ABO	0
AC015688.3	0
AC016757.3	0
AC062017.1	0
AC064874.1	0
AC079612.1	0
AC093802.1	0
AC104809.3	0
AC110619.2	0
ACAA2	0.0817
ACACA	0.1162
ACACB	0.1683
ACAD8	0.0162
ACADM	0.02
ACADS	0.0471
ACADSB	0
ACAN	0.09
ACAT1	0.1818
ACAT2	0.15
ACCS	0
ACE	0.2
ACE2	0.1
ACHE	0.2362
ACKR1	0.07
ACKR3	0.4193
ACLY	0.1
ACO1	0.0524
ACO2	0.0218
ACOT13	0
ACOX1	0.15
ACP1	0.2332
ACP3	0
ACP5	0.05
ACSBG1	0.0059
ACSL1	0.0902
ACSL4	0.145
ACSS1	0.032
ACSS2	0.02
ACTA1	0.04
ACTA2	0.06
ACTB	0.2779
ACTC1	0.02
ACTG1	0.2388
ACTN1	0.1062
ACTN2	0.07
ACTR2	0.06
ACTR3	0.0933
ACVR1	0.4874
ACVR1B	0.639
ACVR1C	0.0662
ACVR2A	0.6896
ACVR2B	0.1962
ACVRL1	0.2
ACY1	0.0662
ACY3	0
ACYP2	0
ADA	0.22
ADAM10	0.2085
ADAM12	0.12
ADAM17	0.16
ADAM28	0.0662
ADAM9	0.1562
ADAMTS1	0.12
ADAMTS5	0.134
ADAMTS9	0.0862
ADAMTSL5	0
ADCY1	0.1724
ADCY2	0.2903
ADCY5	0.18
ADCY9	0.0947
ADCYAP1	0.05
ADCYAP1R1	0.127
ADD1	0
ADGRB1	0.05
ADGRD1	0.05
ADGRL3	0.05
ADH1A	0.22
ADH1B	0.22
ADH1C	0.22
ADH4	0.07
ADH5	0.12
ADH7	0.12
ADIPOQ	0.05
ADK	0.1162
ADM	0.09
ADNP	0.0324
ADO	0
ADORA1	0.22
ADORA2A	0.2762
ADORA2A-AS1	0
ADORA2B	0.22
ADORA3	0.1
ADPRC	0
ADRA1A	0.22
ADRA1B	0.22
ADRA1D	0.22
ADRA2A	0.22
ADRA2B	0.2
ADRA2C	0.22
ADRB1	0.2
ADRB2	0.2
ADRB3	0.2
ADRM1	0.0414
ADSS1	0
ADSS2	0.0308
AF165138.7	0
AFDN	0.3126
AFG3L2	0.05
AFM	0.05
AFP	0.09
AGAP1	0
AGBL4	0.05
AGER	0.14
AGT	0.07
AGTR1	0.4179
AGTR2	0.12
AGXT	0
AGXT2	0.05
AHCY	0.1
AHR	0.1724
AHSG	0.05
AHSP	0
AIFM1	0.0789
AK1	0
AK2	0.0995
AK4	0
AK8	0.0039
AKAP13	0.126
AKAP9	0.4325
AKR1A1	0.12
AKR1B1	0.2162
AKR1B10	0.1
AKR1C1	0.1
AKR1C2	0.1871
AKR1C3	0.2618
AKR1C4	0.05
AKR1D1	0.2118
AKR7A2	0.05
AKT1	0.811
AKT1S1	0.16
AKT2	0.5842
AKT3	0.5074
ALAD	0.1419
ALAS1	0.1055
ALAS2	0.0113
ALB	0.4681
ALCAM	0.0662
ALDH18A1	0.1331
ALDH1A1	0.1162
ALDH1A2	0.0662
ALDH1A3	0.05
ALDH1B1	0.05
ALDH1L1	0.05
ALDH2	0.3618
ALDH3A1	0.12
ALDH3A2	0.07
ALDH3B1	0.05
ALDH3B2	0.05
ALDH4A1	0.05
ALDH5A1	0.2
ALDH6A1	0.0634
ALDH7A1	0.05
ALDH9A1	0.09
ALDOA	0.11
ALDOB	0.02
ALG10	0.2653
ALK	0.7459
ALKBH2	0
ALKBH3	0
ALOX12	0.12
ALOX15	0.1362
ALOX15B	0.1162
ALOX5	0.2
ALOX5AP	0.1614
ALPG	0
ALPI	0.05
ALPL	0.1362
ALPP	0.05
AMACR	0.0011
AMD1	0.1595
AMH	0.05
AMHR2	0.13
AMN	0
AMOT	0
AMPD1	0.1
AMT	0
AMY1A	0.1
AMY2A	0.2
AMY2B	0.05
ANGPT1	0.09
ANGPT2	0.09
ANGPTL3	0.07
ANK3	0.0162
ANKFN1	0
ANKK1	0.0793
ANKMY1	0
ANKS1B	0
ANO1	0.2291
ANO2	0
ANO7	0
ANPEP	0.1
ANTXR1	0.07
ANTXR2	0.05
ANXA1	0.0862
ANXA2	0.07
ANXA3	0
ANXA4	0.02
ANXA5	0
AOC1	0.1
AOC3	0.1
AOPEP	0
AOX1	0.05
AP4M1	0
APAF1	0.1585
APBA1	0
APBB1	0.04
APC	0.6419
APCS	0.05
APEX1	0.14
APH1A	0.2918
APH1B	0.13
APLN	0.1
APLP1	0.0519
APLP2	0.0862
APOA1	0.0732
APOA2	0.05
APOA4	0.05
APOA5	0.05
APOB	0.12
APOBEC1	0
APOBEC3A	0.05
APOBEC3F	0
APOBEC3G	0.09
APOBR	0
APOC2	0.2788
APOC3	0.05
APOD	0.05
APOE	0.05
APOH	0.05
APOL1	0.05
APP	0.1965
APRT	0.05
AQP1	0.076
AQP12A	0
AQP12B	0
AQP3	0.07
AQP4	0.05
AQP7	0.05
AQP8	0.05
AQP9	0.1265
AR	0.7206
ARAF	0.5235
AREG	0.07
ARF1	0.1662
ARF4	0.0415
ARF6	0.0597
ARFGAP1	0.0162
ARFGAP3	0.0162
ARG1	0.0362
ARG2	0
ARHGAP12	0.06
ARHGAP22	0.02
ARHGAP23	0.02
ARHGEF28	0.2018
ARID5B	0.3397
ARL1	0.02
ARL2	0.02
ARL3	0
ARL5A	0
ARL5B	0
ARMS2	0
ARNT	0.4901
ARPC1B	0.08
ARPC2	0.08
ARPC3	0.08
ARPC4	0.08
ARPC5	0.08
ARRB1	0.04
ARRB2	0.1
ARRDC1	0.0336
ARRDC1-AS1	0
ARSA	0.05
ARSB	0.05
ART1	0.05
AS3MT	0
ASB1	0
ASGR2	0
ASIC1	0.1
ASIC2	0.05
ASIC3	0.1328
ASL	0
ASMT	0
ASNS	0.0331
ASPA	0
ASPG	0
ASPH	0
ASRGL1	0
ASS1	0.0162
ASXL1	0.511
ATAD5	0.1618
ATAT1	0.062
ATF1	0.4661
ATF2	0.1
ATF3	0.1324
ATG16L1	0
ATG4B	0.05
ATG5	0.1818
ATIC	0.4644
ATM	0.7338
ATOX1	0.0605
ATP10A	0.05
ATP1A1	0.5354
ATP1A2	0.2
ATP1A3	0.2
ATP1A4	0.2
ATP1B1	0.3941
ATP1B2	0.2
ATP1B3	0.3025
ATP2A1	0.12
ATP2A2	0.0862
ATP2A3	0.07
ATP2B1	0.1039
ATP2C1	0.1305
ATP4A	0.2
ATP4B	0.2
ATP5F1A	0
ATP5F1B	0
ATP5F1C	0
ATP5F1D	0
ATP5F1E	0
ATP5ME	0
ATP5MG	0
ATP5PF	0
ATP5PO	0
ATP6V0A1	0.1291
ATP6V1A	0.07
ATP6V1B2	0.2318
ATP6V1C1	0.0862
ATP7A	0.1771
ATP7B	0.05
ATP8A1	0.05
ATP9B	0.0449
ATR	0.6006
ATRX	0.5516
ATXN2	0.1979
AURKA	0.3779
AURKB	0.3218
AURKC	0.1
AVPR1A	0.2
AVPR1B	0.2
AVPR2	0.2
AXIN1	0.6015
AXL	0.4435
AZGP1	0.0824
AZIN2	0.05
B2M	0.6276
B3GAT1	0
B3GAT3	0.0068
B4GALNT1	0
B4GALT1	0.07
B4GALT2	0
B4GALT4	0
BAAT	0
BACE1	0.1
BACE2	0.1
BACH1	0.219
BAD	0.2
BAG1	0.02
BAG6	0
BAK1	0.13
BARD1	0.4844
BAX	0.6691
BAZ2B	0.2779
BBOX1	0.1
BCAR1	0.1
BCAS4	0
BCAT1	0.1591
BCAT2	0
BCHE	0.3618
BCKDK	0.05
BCL2	0.8425
BCL2A1	0.1682
BCL2L1	0.3792
BCL2L10	0.12
BCL2L11	0.2579
BCL2L2	0.3907
BCL6	0.5254
BCOR	0.5176
BCR	0.7054
BDH1	0.05
BDKRB1	0.1
BDKRB2	0.24
BDNF	0.09
BECN1	0.0275
BGLAP	0.05
BHMT	0.1
BHMT2	0.1162
BIRC2	0.2011
BIRC3	0.5402
BIRC5	0.2162
BIRC7	0.05
BLK	0.1762
BLM	0.5154
BLVRA	0
BLVRB	0
BMP10	0.11
BMP2	0.1262
BMP2K	0.1
BMP4	0.1841
BMP5	0.2718
BMP7	0.1559
BMPR1A	0.5763
BMPR1B	0.1962
BMPR2	0.3127
BMX	0.16
BPHL	0.0595
BPI	0.05
BRAF	1
BRCA1	0.7338
BRCA2	0.5657
BRCC3	0.2218
BRD2	0.1
BRD3	0.4074
BRD4	0.4154
BRDT	0.1
BRIP1	0.4268
BRS3	0.1
BRSK1	0.3063
BRSK2	0.1
BSG	0.0782
BST1	0.05
BTC	0.07
BTF3P11	0
BTG3	0.0162
BTK	0.7174
BTLA	0.2318
C10orf67	0.0192
C11orf65	0
C18orf63	0
C1QA	0.05
C1QB	0.05
C1QBP	0.0047
C1QC	0.05
C1R	0.2
C1S	0.1
C21orf91	0
C3	0.07
C3AR1	0.1028
C3orf14	0
C4A	0.05
C4B	0.05
C4BPA	0.05
C4BPB	0.07
C5	0.2
C5AR1	0.12
C5AR2	0.05
C6orf15	0.0526
C8A	0.05
C8B	0.05
C8G	0.05
C8orf34	0
C8orf74	0.0379
C9	0.0546
CA1	0.2
CA10	0.05
CA11	0.0856
CA12	0.2
CA13	0.2
CA14	0.2
CA2	0.22
CA3	0.2
CA4	0.2
CA5A	0.2
CA5B	0.2
CA6	0.2
CA7	0.2077
CA8	0.0559
CA9	0.24
CACNA1A	0.0862
CACNA1B	0.3618
CACNA1C	0.2278
CACNA1D	0.5274
CACNA1E	0.07
CACNA1F	0.1
CACNA1G	0.2
CACNA1H	0.2
CACNA1I	0.2
CACNA1S	0.2
CACNA2D1	0.203
CACNA2D2	0.22
CACNA2D3	0.0662
CACNA2D4	0.05
CACNB1	0.05
CACNB2	0.0937
CACNB3	0.07
CACNB4	0.05
CACNG1	0.085
CACNG2	0.05
CACNG3	0.05
CACNG4	0.05
CACNG5	0.0304
CACNG6	0.025
CACNG7	0.025
CAD	0.3933
CADM2	0.0606
CADPS	0
CADPS2	0
CALB2	0
CALCA	0.1294
CALCB	0.07
CALCR	0.2
CALCRL	0.1
CALM1	0.3
CALM2	0.1139
CALM3	0.3
CALR	0.3974
CALR3	0
CALU	0.05
CALY	0
CAMK1	0.1
CAMK1D	0.1207
CAMK1G	0.1
CAMK2A	0.2
CAMK2B	0.2
CAMK2D	0.2
CAMK2G	0.2116
CAMK4	0.0865
CAMKK1	0.1
CAMKK2	0.14
CAMLG	0.02
CAMP	0.05
CANT1	0.2993
CANX	0.02
CAPG	0.0524
CAPN1	0.123
CAPN10	0.07
CAPN3	0.07
CAPNS1	0.0902
CAPS	0
CARM1	0.3628
CARS1	0
CARS2	0.037
CARTPT	0.05
CASK	0.12
CASP1	0.2162
CASP10	0.16
CASP12	0.05
CASP14	0.07
CASP2	0.1962
CASP3	0.3418
CASP4	0.12
CASP5	0.1362
CASP6	0.16
CASP7	0.16
CASP8	0.6976
CASP9	0.3418
CASQ1	0
CASQ2	0.05
CASR	0.22
CAST	0.0524
CAT	0.1009
CATSPER1	0.1
CATSPER2	0.1
CATSPER3	0.1
CATSPER4	0.1
CAV1	0.1533
CBFB	0.6044
CBL	0.4316
CBLB	0.3435
CBLC	0.3364
CBLN2	0
CBR1	0.1
CBR3	0.05
CBS	0
CBX1	0.0662
CBX5	0.2479
CCAR2	0.0162
CCDC102B	0
CCDC51	0.1161
CCHCR1	0
CCK	0.07
CCKAR	0.2
CCKBR	0.2226
CCL11	0.07
CCL17	0.07
CCL2	0.12
CCL20	0.07
CCL21	0.07
CCL23	0.05
CCL3	0.09
CCL4	0.09
CCL5	0.18
CCL8	0.07
CCN2	0
CCNA2	0.2
CCNB1	0.2162
CCNB1IP1	0.3393
CCND1	0.7257
CCND2	0.5593
CCND3	0.6093
CCNE1	0.6574
CCNK	0.08
CCR1	0.12
CCR2	0.12
CCR4	0.3818
CCR5	0.22
CCR6	0.12
CCR9	0.12
CCS	0.1153
CCT3	0
CCT8	0
CD14	0.07
CD163	0.05
CD19	0.37
CD1A	0.05
CD1D	0.0662
CD2	0.2
CD200	0.05
CD22	0.3818
CD226	0.05
CD244	0.05
CD247	0.0782
CD248	0.05
CD27	0.0679
CD274	0.4993
CD276	0.2118
CD28	0.3693
CD3	0
CD33	0.2
CD34	0.05
CD36	0.2118
CD37	0.05
CD38	0.2
CD3D	0.22
CD3E	0.22
CD3G	0.258
CD4	0.1162
CD40	0.1
CD40LG	0.07
CD44	0.1824
CD47	0.0662
CD5	0.07
CD52	0.2
CD55	0.0876
CD58	0.3654
CD6	0.05
CD69	0.05
CD7	0.05
CD70	0.3574
CD74	0.4193
CD79B	0.646
CD80	0.22
CD83	0.05
CD84	0.05
CD86	0.22
CD8A	0.07
CD9	0.05
CDA	0.1
CDC25A	0.2877
CDC25B	0.1934
CDC25C	0.1762
CDC37	0.08
CDC42	0.3579
CDC42BPA	0.14
CDC42BPB	0.05
CDC42BPG	0.05
CDC5L	0.0162
CDC7	0.14
CDH1	0.7779
CDH11	0.529
CDH17	0.2466
CDH19	0.02
CDH2	0.2119
CDH23	0.02
CDH3	0.1095
CDH5	0.1062
CDH7	0.02
CDIPT	0
CDK1	0.2162
CDK10	0.066
CDK11B	0.12
CDK12	0.6438
CDK13	0.1762
CDK14	0.1162
CDK15	0.1
CDK16	0.1
CDK17	0.1
CDK18	0.1
CDK19	0.1
CDK2	0.2227
CDK20	0.05
CDK3	0.14
CDK4	0.7957
CDK5	0.2
CDK5R1	0.16
CDK6	0.6368
CDK7	0.2162
CDK8	0.4077
CDK9	0.2
CDKL1	0.1
CDKL2	0.1093
CDKN1A	0.6757
CDKN1B	0.6257
CDKN2A	0.6338
CDKN2C	0.3997
CDKN2D	0.04
CDKN3	0.0862
CDO1	0.0162
CDS1	0
CDSN	0
CEACAM1	0.0862
CEACAM3	0.05
CEACAM5	0.05
CEACAM6	0.0662
CEBPB	0.1418
CEL	0.1
CELA1	0.1
CELA2A	0.05
CELF4	0
CENPE	0.1818
CEP43	0
CEP68	0
CEP72	0
CERKL	0
CES1	0.12
CES1P1	0.02
CES2	0.12
CETP	0.1
CFAP410	0.0632
CFB	0.0666
CFD	0.1
CFH	0.0662
CFHR4	0.05
CFI	0.05
CFL1	0.0737
CFLAR	0.1651
CFTR	0.2639
CGA	0.07
CGB5	0.04
CH25H	0
CHAT	0.1
CHD1	0.0983
CHD3	0.1224
CHD4	0.5915
CHEK1	0.3418
CHEK2	0.6815
CHGA	0.0642
CHIA	0.1
CHIT1	0.2325
CHKA	0.0673
CHN2	0.04
CHODL	0
CHP1	0
CHPT1	0
CHRFAM7A	0.1
CHRM1	0.2
CHRM2	0.2
CHRM3	0.22
CHRM4	0.2
CHRM5	0.2
CHRNA1	0.22
CHRNA10	0.05
CHRNA2	0.1
CHRNA3	0.2
CHRNA4	0.2
CHRNA5	0.05
CHRNA6	0.1
CHRNA7	0
CHRNA9	0.05
CHRNB1	0.2
CHRNB2	0.2292
CHRNB3	0.1
CHRNB4	0.2
CHRND	0.2445
CHRNE	0.22
CHRNG	0.2
CHST1	0.05
CHST3	0.05
CHUK	0.3258
CHURC1	0.0063
CIB1	0
CIB2	0.0022
CILK1	0
CISH	0.04
CIT	0.1079
CKB	0
CKM	0
CKMT1A	0
CKMT2	0
CKS1B	0.2179
CLASP1	0
CLC	0
CLCA1	0.05
CLCN2	0.2
CLCN3	0.05
CLCNKA	0.1
CLDN18	0.05
CLEC12A	0
CLEC14A	0.05
CLEC3B	0.05
CLEC4C	0.05
CLEC4E	0
CLIC1	0
CLK1	0.1
CLK2	0.1089
CLK3	0.1
CLK4	0.1198
CLOCK	0.0824
CLPP	0.0991
CLPS	0.0509
CLU	0.1062
CMA1	0.12
CMAS	0.0677
CMPK1	0
CMTM8	0
CMTR1	0
CNDP1	0.1083
CNDP2	0.0662
CNGA1	0.1
CNGA2	0.05
CNPY4	0.016
CNR1	0.2
CNR2	0.1162
CNTFR	0.07
CNTN5	0.053
COIL	0.041
COL11A1	0.2518
COL11A2	0.09
COL12A1	0.11
COL15A1	0.09
COL18A1	0.1648
COL1A1	0.3974
COL1A2	0.13
COL22A1	0.025
COL24A1	0.045
COL26A1	0.045
COL27A1	0.0794
COL28A1	0.025
COL2A1	0.3974
COL3A1	0.2518
COL4A1	0.09
COL4A2	0.09
COL4A3	0.09
COL4A4	0.09
COL4A5	0.09
COL4A6	0.1119
COL5A1	0.1262
COL5A2	0.1034
COL5A3	0.0862
COL6A1	0.1199
COL6A2	0.1128
COL6A3	0.11
COL6A5	0.07
COL6A6	0.045
COMP	0.05
COMT	0.2
COMTD1	0.025
COP1	0
COPG1	0
COPS6	0.02
COPS9	0.0248
COQ2	0.0057
COQ8A	0
COQ8B	0.0158
CORO7	0
CORT	0.05
COX4I1	0.0406
COX5A	0.023
COX5B	0.04
COX6A2	0
COX6B1	0.0298
COX6C	0.1818
COX7A1	0.1618
COX7B	0.2318
COX7C	0.02
COX8A	0.02
CP	0.09
CPA1	0.1186
CPA2	0.05
CPA6	0.05
CPB1	0.1
CPB2	0.1
CPD	0.1204
CPE	0.07
CPN1	0.12
CPN2	0.0622
CPNE1	0
CPOX	0.0115
CPQ	0.05
CPS1	0.3618
CPT1A	0.169
CPT1B	0.1
CPT2	0.1248
CR1	0.2118
CR2	0.07
CRABP2	0.05
CRAT	0.05
CRBN	0.1618
CREB1	0.4255
CREBBP	0.7674
CRH	0.07
CRHBP	0.05
CRHR1	0.2
CRHR2	0.1
CRISPLD2	0.05
CRKL	0.2972
CRMP1	0
CRNKL1	0.1779
CROT	0.2529
CRP	0.05
CRTC1	0.3154
CRTC2	0.1199
CRTC3	0.3989
CRY1	0.0021
CRYGD	0
CRYM	0
CRYZ	0.05
CS	0.3193
CSAD	0.05
CSF1	0.2479
CSF1R	0.5435
CSF2	0.1062
CSF2RA	0.39
CSF2RB	0.39
CSF3	0.0862
CSF3R	0.5354
CSK	0.1694
CSMD1	0.0162
CSN3	0.05
CSNK1A1	0.3779
CSNK1D	0.1868
CSNK1E	0.16
CSNK1G1	0.11
CSNK1G2	0.2
CSNK1G3	0.1424
CSNK2A1	0.3903
CSNK2A2	0.1762
CSNK2A3	0.02
CSNK2B	0.11
CSPG4	0.05
CSRP1	0
CST3	0.0545
CSTB	0.1385
CTAG1B	0
CTBP1	0.2168
CTC-432M15.3	0
CTDSP1	0.09
CTH	0
CTLA4	0.3618
CTNNB1	0.8919
CTNNBL1	0
CTNS	0.0098
CTPS1	0.0429
CTRB1	0.12
CTSA	0.1635
CTSB	0.1764
CTSC	0.12
CTSD	0.2065
CTSF	0.12
CTSG	0.12
CTSH	0.1341
CTSK	0.1712
CTSL	0.14
CTSO	0.07
CTSS	0.148
CTSV	0.14
CTSZ	0.2521
CTTN	0.1347
CUBN	0.0034
CUL2	0.0885
CUL3	0.4925
CUL4A	0.2379
CUX2	0
CX3CL1	0.09
CXADR	0.05
CXCL10	0.07
CXCL12	0.1262
CXCL13	0.07
CXCL2	0.0862
CXCL8	0.2
CXCR1	0.14
CXCR2	0.1562
CXCR3	0.12
CXCR4	0.5674
CYB5A	0.1662
CYB5B	0.1388
CYB5R1	0.0683
CYB5R2	0.0662
CYB5R3	0.0984
CYB5R4	0.0581
CYBA	0.0569
CYBB	0.12
CYC1	0.02
CYCS	0.06
CYCSP5	0
CYP11A1	0.2148
CYP11B1	0.2
CYP11B2	0.1
CYP17A1	0.3618
CYP19A1	0.3618
CYP1A1	0.1
CYP1A2	0.1
CYP1B1	0.1
CYP21A2	0.054
CYP24A1	0.1322
CYP26A1	0.1
CYP26B1	0.1
CYP26C1	0.05
CYP27A1	0.1
CYP27B1	0.1058
CYP2A13	0.1035
CYP2A6	0.1
CYP2A7P1	0
CYP2B6	0.1008
CYP2C18	0.07
CYP2C19	0.1
CYP2C8	0.2118
CYP2C9	0.1
CYP2D6	0.2
CYP2E1	0.05
CYP2F1	0.05
CYP2J2	0.1
CYP2R1	0.05
CYP3A4	0.2
CYP3A43	0.2
CYP3A5	0.2262
CYP3A7	0.2519
CYP46A1	0.05
CYP4A11	0.05
CYP4B1	0.05
CYP4F11	0.05
CYP4F2	0.05
CYP51A1	0.4118
CYP7A1	0.05
CYP7B1	0.05
CYSLTR1	0.2
CYSLTR2	0.3993
CYSRT1	0.02
CYTH2	0.02
CYTH3	0.02
CYYR1	0
DAAM1	0.02
DAGLA	0.1
DAGLB	0.1025
DAND5	0.0751
DAO	0.1125
DAOA	0
DAPK1	0.1724
DAPK2	0.1324
DAPK3	0.1362
DAPP1	0.02
DARS1	0
DARS2	0.0531
DBH	0.1
DBI	0.0406
DBP	0.0482
DCBLD1	0
DCD	0.0662
DCK	0.1
DCLK1	0.1
DCLK2	0.1257
DCLK3	0.1
DCN	0.1062
DCPS	0.071
DCT	0.05
DCTD	0.0532
DCXR	0.05
DDAH1	0
DDAH2	0
DDB1	0.04
DDC	0.22
DDHD1	0
DDIT3	0.3769
DDO	0.1
DDR1	0.2618
DDR2	0.4154
DDRGK1	0.0139
DDX39B	0.0029
DDX5	0.5069
DDX51	0
DDX6	0.3354
DECR1	0.05
DEFA1	0
DEFA5	0.0536
DEFB130A	0
DEFB134	0
DEFB135	0
DEFB136	0
DEPTOR	0.04
DES	0
DFFB	0.02
DGAT1	0.2
DGAT2	0
DGKA	0
DGKD	0.0211
DGKG	0
DHCR7	0.1
DHFR	0.22
DHFR2	0
DHODH	0.2768
DHPS	0
DHRS11	0.05
DHRS3	0.1139
DHRS4	0.0647
DHRS4L1	0
DHRS4L2	0.025
DHRS9	0.0698
DHX36	0.04
DIABLO	0.0906
DIAPH3	0.0931
DIO1	0.2
DIO3	0.05
DIPK1C	0
DKFZp686P18130	0
DKK1	0.3661
DLAT	0.02
DLD	0.1274
DLG1	0.0885
DLG4	0.02
DLG5	0.0022
DLL3	0.04
DLL4	0.09
DMC1	0.02
DMD	0.0824
DMPK	0.1
DNAI3	0
DNASE1L3	0.05
DNER	0.02
DNMT1	0.3779
DNMT3A	0.7738
DNMT3B	0.2779
DNPEP	0.1
DNTT	0.04
DOCK8	0.0818
DOK5	0.0243
DOK6	0
DOT1L	0.4261
DPEP1	0.2
DPEP3	0.05
DPH5	0.0018
DPH7	0
DPM1	0.0418
DPP4	0.2362
DPP6	0.05
DPP8	0.1
DPP9	0.1
DPYD	0.2
DPYS	0
DPYSL2	0.012
DPYSL3	0
DRAM1	0
DRD1	0.2762
DRD2	0.22
DRD3	0.22
DRD4	0.12
DRD5	0.12
DROSHA	0.3193
DSCAM	0.07
DSE	0
DSEL	0.003
DSG1	0.0656
DSP	0.0762
DSTN	0.0162
DTNBP1	0.0101
DTYMK	0
DUSP1	0.3262
DUSP23	0.05
DUSP28	0.05
DUSP3	0.1
DUT	0.1
DYNC2H1	0.0542
DYRK1A	0.4274
DYRK1B	0.129
DYRK2	0.14
DYRK3	0.12
DYRK4	0.0499
E2F1	0.1862
E2F7	0.06
EARS2	0
EBP	0.2438
ECE1	0.1162
ECHS1	0.1862
ECI1	0
ECI2	0
EDN1	0.11
EDNRA	0.2993
EDNRB	0.2162
EEA1	0
EED	0.4282
EEF1A1	0.3759
EEF1A1L14	0
EEF2	0.07
EEF2K	0.07
EFL1	0
EGF	0.11
EGFL7	0.2118
EGFR	0.9735
EGLN1	0.2394
EGLN2	0.14
EGLN3	0.2681
EGR1	0.2379
EHHADH	0
EHMT1	0.1562
EHMT2	0.14
EIF2AK1	0.1
EIF2AK2	0.11
EIF2AK3	0.1874
EIF2AK4	0.2271
EIF2B1	0
EIF2S1	0.06
EIF2S3	0
EIF3A	0.0362
EIF3F	0.0162
EIF4A1	0.16
EIF4E	0.3541
EIF4EBP1	0.1
EIF4G1	0.0962
EIF4H	0.1054
EIF6	0
ELANE	0.22
ELAVL1	0.1324
ELN	0.3693
ELOVL2	0
ELOVL4	0
ELOVL5	0.0897
ELP5	0
ELSPBP1	0.05
EML4	0.3501
EMP1	0.0162
EN2	0.0242
ENG	0.15
ENO1	0.08
ENO2	0.1009
ENO3	0.02
ENOPH1	0
ENOSF1	0
ENOX2	0.05
ENPEP	0.1
ENPP1	0.1
ENPP2	0.1
ENTPD1	0.05
ENTPD2	0
ENTPD8	0
EP300	0.7297
EP400P1	0
EPAS1	0.5845
EPB41	0.0324
EPCAM	0.2562
EPHA1	0.1724
EPHA10	0.07
EPHA2	0.535
EPHA3	0.4516
EPHA4	0.1562
EPHA5	0.4193
EPHA6	0.1451
EPHA7	0.4193
EPHA8	0.12
EPHB1	0.3218
EPHB2	0.2085
EPHB3	0.1762
EPHB4	0.3341
EPHB6	0.1524
EPHX1	0.1
EPHX2	0.1
EPM2A	0.05
EPN1	0.02
EPO	0.1262
EPOP	0.0178
EPOR	0.3818
EPRS1	0
EPX	0.05
ERAP1	0.12
ERAP2	0.12
ERBB2	0.9519
ERBB3	0.7735
ERBB4	0.7447
ERCC1	0.0442
ERCC2	0.4887
ERCC5	0.4271
ERCC6	0.02
ERCC6-PGBD3	0
EREG	0.07
ERFE	0
ERG	0.6054
ERICH3	0
ERN1	0.158
ERO1B	0.02
ERRFI1	0.3274
ESD	0
ESPNL	0
ESR1	0.9515
ESR2	0.243
ESRRA	0.1312
ESRRB	0.1162
ESRRG	0.1
ESYT2	0
ETFDH	0
ETS2	0.1214
ETV6	0.5744
EWSR1	0.4535
EXD3	0
EXO1	0.1437
EXTL2	0.0662
EYA2	0.04
EZH1	0.2279
EZH2	0.6926
F10	0.2
F11	0.1053
F12	0.1
F13A1	0.1
F13B	0.05
F2	0.24
F2R	0.2494
F2RL1	0.1
F2RL2	0.11
F2RL3	0.1
F3	0.14
F5	0.05
F7	0.1536
F8	0.0662
F9	0.1
FAAH	0.1
FAAH2	0.05
FABP1	0.1
FABP2	0.1
FABP6	0.05
FABP7	0.05
FADS1	0
FADS2	0.0162
FAF1	0.2037
FAH	0.005
FAM166A	0.031
FAM167A	0
FAM167A-AS1	0
FAM177A1	0.0105
FAM178B	0
FAM86B1	0
FANCD2	0.3969
FANCG	0.3723
FANCI	0.171
FANCL	0.2484
FAP	0.1
FARP2	0
FARS2	0.1162
FARSA	0
FARSB	0
FAS	0.4335
FASLG	0.1083
FASN	0.185
FAT1	0.5715
FBN2	0.0662
FBN3	0.05
FBP1	0.1362
FBP2	0.07
FBRSL1	0.0162
FBXL17	0.0162
FBXO15	0
FBXO41	0
FBXW7	0.6219
FCER1A	0.05
FCER1G	0.0114
FCER2	0.12
FCGR1A	0.14
FCGR1BP	0
FCGR2A	0.05
FCGR2B	0.3705
FCGR2C	0
FCGR3A	0.05
FCGR3B	0.05
FCGRT	0.1
FCN2	0.05
FCN3	0.05
FCRL5	0.05
FDFT1	0.25
FDPS	0.2828
FDX1	0
FDXR	0.02
FECH	0.0843
FEN1	0.2618
FER	0.16
FES	0.4834
FEZF2	0
FFAR1	0.12
FFAR2	0.0599
FFAR4	0.1
FGA	0.07
FGB	0.07
FGD4	0.04
FGF1	0.14
FGF18	0.07
FGF19	0.3103
FGF2	0.14
FGF21	0.07
FGF22	0.093
FGF23	0.2318
FGF4	0.2479
FGF6	0.2479
FGFR1	0.7297
FGFR1OP2	0.0362
FGFR2	0.889
FGFR3	0.9319
FGFR3P1	0
FGFR4	0.78
FGFRL1	0.2794
FGG	0.07
FGR	0.1762
FH	0.3502
FHIT	0.3154
FHL2	0.0362
FIP1L1	0.3154
FKBP1A	0.3109
FKBP4	0.1923
FKBP5	0.1362
FLCN	0.3074
FLI1	0.4974
FLNA	0.3079
FLT1	0.4379
FLT3	0.8838
FLT4	0.5474
FMO1	0.05
FMO3	0.05
FMO5	0.05
FN1	0.1859
FNTA	0.15
FNTB	0.2118
FOLH1	0.1
FOLR1	0.1
FOLR2	0.1
FOLR3	0.05
FOS	0.2034
FOSL1	0.0958
FOXA1	0.7157
FOXA2	0.465
FOXO1	0.4235
FOXO3	0.4074
FOXP1	0.3316
FOXP3	0.0162
FPGS	0.1307
FPR1	0.12
FPR2	0.1
FRK	0.1362
FSCN1	0.0202
FSHR	0.2
FSIP1	0
FST	0.0837
FSTL1	0.05
FTCD	0.0119
FTH1	0.04
FTL	0
FTO	0
FUBP1	0.5257
FURIN	0.4208
FUS	0.3735
FUT2	0.05
FXN	0.0562
FXR2	0.05
FXYD2	0.2
FYN	0.4379
FZD1	0.09
FZD10	0.09
FZD2	0.1062
FZD3	0.09
FZD4	0.1008
FZD5	0.24
FZD6	0.09
FZD7	0.09
FZD8	0.09
FZD9	0.09
G6PD	0.1724
GAA	0.2
GABBR1	0.2
GABBR2	0.2
GABPA	0.04
GABRA1	0.2
GABRA2	0.2
GABRA3	0.2
GABRA4	0.2
GABRA5	0.2
GABRA6	0.3618
GABRB1	0.2
GABRB2	0.2
GABRB3	0.2
GABRD	0.2134
GABRE	0.2
GABRG1	0.2
GABRG2	0.2
GABRG3	0.2
GABRP	0.2
GABRQ	0.2
GABRR1	0.1
GABRR2	0.0546
GABRR3	0.025
GAD1	0.05
GAD2	0.05
GADD45A	0.1221
GADL1	0.05
GAK	0.1
GAL	0.1287
GAL3ST4	0
GALC	0.0941
GALE	0.1492
GALK1	0.0726
GALNS	0.05
GALNT14	0
GALNT17	0
GALNT18	0
GALNT2	0.05
GALNT9	0.0225
GALP	0.05
GALR1	0.1162
GALR2	0.1162
GALR3	0.1
GALT	0
GAMT	0
GANAB	0.1383
GANC	0.1
GAPDH	0.18
GAPDHS	0.05
GARS1	0
GART	0.1486
GAS6	0.05
GAST	0.07
GATA1	0.5016
GATA2	0.5029
GATA3	0.6891
GATA4	0.2876
GATM	0
GBA1	0
GC	0.1
GCA	0.0357
GCAT	0
GCCR	0
GCDH	0.001
GCG	0.16
GCGR	0.2
GCH1	0.0144
GCK	0.15
GCKR	0
GCLC	0.2348
GCLM	0.0761
GCSH	0.0089
GD2	0
GDA	0
GDF15	0.09
GDF2	0.1329
GDNF	0.09
GEM	0
GET1	0.0155
GET3	0
GFAP	0
GFER	0.1
GFRA3	0.07
GFUS	0.004
GGACT	0
GGCX	0.2
GGH	0.1085
GGPS1	0.1
GGT1	0.0519
GH1	0.07
GHR	0.244
GHRH	0.07
GHRHR	0.2126
GHRL	0.1241
GHSR	0.2051
GIPR	0.1
GJA1	0.0362
GJA10	0
GJA3	0
GJA4	0
GJA5	0
GJA8	0
GJA9	0
GJB1	0.0507
GJB2	0.0162
GJB3	0.0025
GJB4	0.0122
GJB5	0
GJB6	0
GJB7	0
GJC1	0.0205
GJC2	0
GJC3	0.0154
GJD2	0
GJD3	0
GJD4	0
GJE1	0
GLA	0.2
GLB1	0.12
GLCCI1	0
GLDC	0
GLI1	0.4201
GLIPR1	0.0319
GLIPR2	0
GLO1	0.1162
GLP1R	0.22
GLP2R	0.2
GLRA1	0.2
GLRA2	0.1
GLRA3	0.1
GLRB	0.2
GLRX	0
GLRX2	0
GLS	0.0895
GLS2	0.0562
GLT1D1	0
GLT6D1	0
GLTP	0
GLUD1	0.07
GLUD2	0
GLUL	0.186
GLYAT	0
GLYATL1	0
GLYATL2	0
GM2A	0
GMDS	0.089
GMNN	0.0662
GMPR	0.05
GMPS	0.2993
GNA11	0.685
GNA13	0.3435
GNAI1	0.1124
GNAQ	0.6158
GNAS	0.6304
GNAT1	0.02
GNB3	0.1
GNB5	0.06
GNG2	0.1162
GNL3	0.1618
GNLY	0.05
GNMT	0.0162
GNPDA1	0
GNRH1	0.07
GNRHR	0.2
GNRHR2	0.05
GOT1	0
GOT2	0.0836
GP1BA	0.05
GP6	0
GP9	0.05
GPA33	0.05
GPBAR1	0.1024
GPC1	0.0775
GPC2	0.05
GPC3	0.3574
GPD1	0
GPD2	0.05
GPER1	0.1
GPHN	0.3074
GPI	0.1183
GPNMB	0.09
GPR119	0.12
GPR12	0.05
GPR139	0.1
GPR143	0.05
GPR17	0.1
GPR18	0.05
GPR183	0.1
GPR35	0.1271
GPR55	0.1
GPR68	0.05
GPR83	0.0585
GPR84	0.1
GPRC5A	0.0862
GPRC5D	0.025
GPRC6A	0.05
GPS2	0.4406
GPT	0
GPT2	0
GPX1	0.1654
GPX2	0.09
GPX3	0.0662
GPX4	0.05
GPX5	0.05
GPX6	0.025
GPX7	0.0612
GRAMD1B	0
GRB14	0.06
GRB2	0.1162
GREM1	0.2441
GREM2	0.05
GRIA1	0.2
GRIA2	0.2011
GRIA3	0.2
GRIA4	0.2213
GRID2	0.0788
GRIK1	0.2
GRIK2	0.2
GRIK3	0.2
GRIK4	0.2
GRIK5	0.2
GRIN1	0.24
GRIN2A	0.5511
GRIN2B	0.24
GRIN2C	0.22
GRIN2D	0.2362
GRIN3A	0.2047
GRIN3B	0.2
GRK1	0.1
GRK2	0.0861
GRK3	0
GRK4	0.1413
GRK5	0.0972
GRK6	0.1195
GRK7	0.14
GRM1	0.1362
GRM2	0.1319
GRM3	0.4193
GRM4	0.12
GRM5	0.12
GRM6	0.07
GRM7	0.07
GRM8	0.12
GRP	0.07
GRPR	0.1
GSK3A	0.3162
GSK3B	0.4941
GSN	0.1339
GSPT1	0
GSR	0.37
GSS	0.1676
GSTA1	0.2618
GSTA2	0.05
GSTA3	0.05
GSTA4	0.05
GSTA5	0
GSTK1	0.102
GSTM1	0.05
GSTM2	0.1
GSTM3	0.05
GSTM4	0.0665
GSTM5	0
GSTO1	0.1
GSTO2	0
GSTP1	0.1162
GSTT1	0.0162
GSTT2	0
GSTZ1	0.05
GTF2H4	0.06
GTSCR1	0
GUCA1A	0
GUCA2A	0.0537
GUCA2B	0.05
GUCY1A1	0
GUCY1A2	0.2
GUCY1B1	0
GUCY1B2	0.2
GUCY2C	0.2324
GUCY2D	0.05
GUK1	0
GYG1	0
GYPA	0.05
GZMA	0.05
GZMB	0.16
H1-4	0.0548
H2AC25	0
H2AX	0
H2BC4	0
H6PD	0.0779
HABP2	0.05
HABP4	0.05
HADH	0.02
HADHA	0.0362
HAGH	0.07
HAL	0
HAMP	0.05
HAO1	0.1
HAO2	0.1
HAPLN1	0.05
HAPLN3	0.025
HARS1	0
HAS3	0.05
HASPIN	0.0127
HAVCR2	0
HBA1	0
HBA2	0
HBB	0.05
HBEGF	0.1322
HBV	0
HCAR2	0.2162
HCAR3	0.05
HCG22	0
HCK	0.26
HCN1	0.2
HCN2	0.2
HCN3	0.2
HCN4	0.2305
HCP5	0
HCRT	0.05
HCRTR1	0.2
HCRTR2	0.2
HDAC1	0.6441
HDAC10	0.2674
HDAC11	0.2271
HDAC2	0.4386
HDAC3	0.3324
HDAC4	0.4782
HDAC5	0.28
HDAC6	0.28
HDAC7	0.5454
HDAC8	0.2922
HDAC9	0.2997
HDC	0.05
HDGF	0.05
HDLBP	0
HEBP1	0.05
HEPHL1	0.05
HERC2	0.2234
HES6	0.0292
HEXA	0.1
HEXB	0
HFE	0.05
HGF	0.3865
HGS	0.1
HHAT	0.05
HIBADH	0.011
HIBCH	0
HIF1A	0.4674
HIF1AN	0.0467
HINT1	0.0162
HIPK1	0.09
HIPK2	0.1762
HIPK3	0.14
HIPK4	0.1
HK1	0.0967
HKDC1	0.07
HLA-A	0.6115
HLA-B	0.5106
HLA-C	0.2841
HLA-DPB1	0.09
HLA-DPB2	0
HLA-DQA1	0.04
HLA-DQB1	0.04
HLA-DRA	0.09
HLA-DRB1	0.3018
HLA-DRB5	0.09
HLA-E	0.04
HLA-G	0.09
HLCS	0.1
HM13	0.0683
HMBS	0.1002
HMGB1	0.11
HMGCL	0
HMGCR	0.3618
HMGCS1	0.05
HMGCS2	0.09
HMMR	0.0793
HMOX1	0.09
HMOX2	0
HMSD	0.05
HNF1A	0.56
HNF1B	0.1662
HNF4A	0.3772
HNF4G	0.1532
HNMT	0.1
HNRNPA1	0.1724
HNRNPA2B1	0.3801
HNRNPC	0.1979
HNRNPD	0.1979
HNRNPF	0.0362
HNRNPH1	0.1818
HNRNPH2	0
HNRNPH3	0.0012
HNRNPK	0.02
HNRNPL	0
HOMER1	0
HOXA10	0.001
HOXA9	0.3904
HOXB1	0
HP	0.05
HP1BP3	0
HPD	0.2
HPGD	0.1162
HPGDS	0.1
HPN	0.1
HPR	0.05
HPRT1	0.1254
HPSE	0.1
HPX	0.05
HR	0
HRAS	0.8514
HRG	0.0662
HRH1	0.2479
HRH2	0.2
HRH3	0.2012
HRH4	0.1
HRNR	0.1618
HS3ST1	0.05
HS3ST3A1	0
HSD11B1	0.2
HSD11B2	0.1
HSD17B1	0.1
HSD17B10	0.0776
HSD17B11	0.05
HSD17B2	0.1
HSD17B3	0.1
HSD17B4	0.1085
HSD17B7	0.128
HSD17B8	0.05
HSD3B1	0.2703
HSD3B2	0.2
HSF1	0.0283
HSP90AA1	0.5882
HSP90AA2P	0.05
HSP90AB1	0.5138
HSP90B1	0.143
HSP90B2P	0
HSPA13	0.0709
HSPA1A	0.1262
HSPA1L	0.02
HSPA2	0.04
HSPA4	0.1294
HSPA5	0.1762
HSPA8	0.1536
HSPA9	0
HSPB1	0.1962
HSPB2	0
HSPB6	0
HSPD1	0.1062
HSPE1	0.02
HSPG2	0.09
HSPH1	0.05
HTATIP2	0.0162
HTR1A	0.2
HTR1B	0.2083
HTR1D	0.2
HTR1E	0.1
HTR1F	0.1
HTR2A	0.2
HTR2B	0.35
HTR2C	0.2
HTR3A	0.2
HTR3B	0.1
HTR3C	0.1
HTR3D	0.1
HTR3E	0.1
HTR4	0.2
HTR5A	0.1
HTR6	0.1
HTR7	0.2
HTRA1	0.1079
HTT	0.181
HUS1	0.08
HYAL2	0.05
HYKK	0
HYOU1	0.05
IAPP	0.05
IARS1	0
IARS2	0.05
IBSP	0.05
ICA1	0
ICAM1	0.12
ICAM3	0.0757
ICMT	0.1498
ICOS	0.0583
ICOSLG	0.1618
IDE	0.1778
IDH1	0.5792
IDH2	0.5204
IDH3A	0.0702
IDH3B	0.0296
IDH3G	0.02
IDI1	0
IDO1	0.1
IDS	0.05
IFNA1	0.11
IFNA2	0.11
IFNAR1	0.26
IFNAR2	0.28
IFNB1	0.15
IFNG	0.3279
IFNGR1	0.397
IFNGR2	0.09
IFNL3	0.05
IFNL4	0
IFNLR1	0
IGF1	0.3079
IGF1R	0.5208
IGF2	0.2879
IGF2BP2	0.1975
IGF2R	0.1762
IGFALS	0.0662
IGFBP1	0.16
IGFBP3	0.2143
IGFBP5	0.1362
IGFBP7	0.096
IGHA1	0.02
IGHA2	0.05
IGHE	0.22
IGHG1	0.05
IGHG2	0.05
IGHG4	0.05
IGHM	0.07
IGHV1-2	0.025
IGHV3-23	0.045
IGHV3-30	0
IGKC	0.02
IGKV1-17	0
IGKV2D-28	0
IGLC1	0.02
IGLL1	0.115
IGLV3-21	0
IGSF10	0
IKBKB	0.6136
IKBKE	0.4017
IKBKG	0.1578
IKZF1	0.4735
IL10	0.2518
IL10RA	0.1236
IL10RB	0.09
IL11	0.09
IL11RA	0.24
IL12A	0.24
IL12B	0.22
IL13	0.09
IL13RA1	0.24
IL13RA2	0.09
IL15	0.07
IL15RA	0.09
IL17A	0.2362
IL17B	0.05
IL17C	0.05
IL17F	0.07
IL17RA	0.22
IL18	0.0701
IL1A	0.16
IL1B	0.26
IL1R1	0.3172
IL1R2	0.07
IL1RAP	0.24
IL1RL1	0.05
IL1RL2	0.05
IL1RN	0.1
IL2	0.4593
IL20	0.05
IL21	0.07
IL21R	0.3493
IL22	0.05
IL23A	0.24
IL23R	0.0058
IL25	0.05
IL2RA	0.3043
IL2RB	0.24
IL2RG	0.39
IL3	0.2518
IL31	0.05
IL31RA	0.05
IL33	0.05
IL36R	0
IL36RN	0.05
IL37	0.05
IL3RA	0.09
IL4	0.09
IL4I1	0.0907
IL4R	0.3672
IL5	0.24
IL5RA	0.3578
IL6	0.3
IL6R	0.24
IL6ST	0.8597
IL7	0.07
IL7R	0.4299
IL9	0.07
ILDR2	0
ILF3	0
ILKAP	0.02
IMPA1	0.2
IMPA2	0.05
IMPDH1	0.2
IMPDH2	0.2193
IMPG2	0.05
INCENP	0
ING1	0.1388
INHBA	0.297
INHBE	0.1676
INPP1	0
INPP4A	0.1779
INPP5B	0.07
INPP5D	0.2718
INPP5E	0.05
INPPL1	0.3903
INS	0.1161
INSR	0.4726
INSRR	0.1524
INVS	0
IPO11	0
IPO13	0
IPO4	0.1122
IPO7	0.1941
IPO8	0
IPO9	0
IQGAP1	0.1305
IRAK1	0.1451
IRAK3	0.1
IRAK4	0.3018
IRF1-AS1	0
IRF2	0.3589
IRGC	0
IRS1	0.3918
IRS2	0.3792
ISG15	0.2562
ISG20	0.02
ISYNA1	0
ITGA1	0.09
ITGA2	0.09
ITGA2B	0.24
ITGA4	0.2473
ITGA5	0.1199
ITGAE	0.09
ITGAL	0.24
ITGAM	0.07
ITGAV	0.3466
ITGAX	0.07
ITGB1	0.4158
ITGB2	0.26
ITGB3	0.4662
ITGB4	0.09
ITGB5	0.1701
ITGB6	0.07
ITGB7	0.2762
ITIH1	0.05
ITIH2	0.0972
ITIH3	0.05
ITIH4	0.0503
ITK	0.5474
ITPA	0.15
ITPKA	0.05
ITPR1	0.18
IVD	0
IVL	0
IYD	0
JAG1	0.1412
JAK1	0.7287
JAK2	0.7778
JAK3	0.6081
JAM2	0.05
JCHAIN	0.05
JPH1	0
JUN	0.5818
JUNB	0.1381
JUND	0.1162
JUP	0.2424
KANSL3	0
KARS1	0
KAT2A	0.15
KAT2B	0.2
KAT5	0.1662
KCNA1	0.2
KCNA10	0.2188
KCNA2	0.2
KCNA3	0.2
KCNA4	0.2
KCNA5	0.2
KCNA6	0.2366
KCNA7	0.2
KCNB1	0.2431
KCNB2	0.2
KCNC1	0.2
KCNC2	0.2491
KCNC3	0.2
KCNC4	0.2301
KCND1	0.2
KCND2	0.2154
KCND3	0.2037
KCNE1	0.05
KCNF1	0.2
KCNG1	0.2
KCNG2	0.22
KCNG3	0.2
KCNH1	0.2496
KCNH2	0.226
KCNH3	0.2
KCNH4	0.2
KCNH5	0.2
KCNH6	0.2062
KCNH7	0.2
KCNH8	0.2
KCNIP1	0
KCNJ1	0.1
KCNJ10	0.05
KCNJ11	0.2299
KCNJ12	0.05
KCNJ13	0.0732
KCNJ2	0.05
KCNJ3	0.05
KCNJ4	0.1
KCNJ5	0.3574
KCNJ6	0.05
KCNJ8	0.05
KCNJ9	0.05
KCNK1	0.05
KCNK10	0.2
KCNK12	0.1016
KCNK13	0.1231
KCNK16	0.025
KCNK17	0.05
KCNK18	0.2
KCNK2	0.2097
KCNK3	0.2313
KCNK4	0.05
KCNK5	0.1144
KCNK6	0.05
KCNK9	0.2
KCNMA1	0.2
KCNMB1	0
KCNMB2	0
KCNN1	0.1
KCNN2	0.1
KCNN3	0.1
KCNN4	0.1
KCNQ1	0.2362
KCNQ2	0.2
KCNQ3	0.3281
KCNQ4	0.2
KCNQ5	0.2118
KCNS1	0.2
KCNS2	0.2
KCNS3	0.37
KCNT1	0.1
KCNT2	0.2618
KCNU1	0.05
KCNV1	0.2
KCNV2	0.2
KDM1A	0.14
KDM4A	0.14
KDM4B	0.14
KDM4C	0.3837
KDM4D	0.1013
KDM4E	0.1
KDM5D	0.05
KDR	0.5916
KEAP1	0.7096
KEL	0.2313
KHK	0.1
KHSRP	0.0359
KIF11	0.2818
KIF1A	0.005
KIF2C	0.0652
KIF6	0
KIR2DL1	0.05
KIR2DL3	0.05
KIR2DS4	0.025
KIR3DL2	0.05
KIRD2	0
KISS1	0.0662
KISS1R	0.1343
KIT	0.7738
KLB	0.17
KLC1	0.02
KLC3	0.1818
KLF4	0.4242
KLF5	0.3992
KLHDC7A	0
KLHL30	0.025
KLHL33	0
KLK1	0.1
KLK2	0.4393
KLK3	0.14
KLK4	0.1
KLK6	0.0662
KLK7	0.12
KLKB1	0.22
KLRC1	0.05
KLRD1	0.05
KLRK1	0.2118
KMT2A	0.5125
KMT2E	0.05
KNG1	0.12
KRAS	0.7609
KRT1	0
KRT10	0.0288
KRT12	0
KRT14	0.02
KRT16	0
KRT18	0.02
KRT19	0.0824
KRT2	0
KRT20	0
KRT5	0.0724
KRT6A	0.02
KRT7	0.02
KRT8	0.07
KRT9	0
KRTAP5-2	0
KRTAP5-3	0
KSR1	0.09
KYAT1	0
KYAT3	0
KYNU	0.1
L1CAM	0.076
L3HYPDH	0
L3MBTL1	0.1201
LAG3	0.0569
LALBA	0.05
LAMA1	0.2318
LAMA2	0.2479
LAMA3	0.09
LAMA4	0.0928
LAMA5	0.09
LAMB1	0.1146
LAMB2	0.07
LAMB3	0.1336
LAMB4	0.1054
LAMC1	0.11
LAMC2	0.1027
LAMC3	0.0729
LAMTOR4	0.0641
LAP3	0.1
LARP4B	0.3882
LARS1	0
LARS2	0.0703
LAT	0.02
LATS1	0.3654
LAYN	0
LCAT	0.05
LCK	0.5674
LCMT1	0.0176
LCMT2	0.0129
LCN1	0.0646
LCN2	0.0662
LCN9	0.025
LCT	0.05
LCTL	0.0412
LDHA	0.3462
LDHAL6A	0.02
LDHAL6B	0.02
LDHB	0.2665
LDHC	0.0606
LDLR	0.1281
LEF1	0.4705
LEP	0.11
LEPR	0.2362
LGALS1	0.14
LGALS2	0.1618
LGALS3	0.12
LGALS7	0.0162
LGALS8	0.1002
LGALS9	0.1
LGR5	0.05
LHCGR	0.22
LIAS	0.0352
LIF	0.26
LIFR	0.4255
LIG1	0.2064
LIG3	0.02
LILRA4	0.05
LIMK1	0.14
LIMK2	0.14
LINC00251	0
LINC00908	0
LINC01549	0
LINC02864	0
LINC02905	0
LINGO1	0.05
LIPA	0.1
LIPC	0.1026
LIPE	0.1
LIPF	0.2
LIPI	0.05
LIPT1	0.0453
LMAN1	0.0604
LMNA	0.5393
LMO2	0.4574
LNPEP	0.1362
LOXL2	0.05
LPA	0.05
LPAR1	0.2602
LPAR2	0.12
LPAR3	0.12
LPAR5	0.1162
LPIN1	0.0058
LPL	0.1
LPO	0.05
LRAT	0
LRCH1	0.0162
LRG1	0.05
LRMDA	0
LRP1	0.09
LRP10	0.1183
LRP2	0
LRRC15	0
LRRC32	0
LRRC59	0
LRRFIP1	0.0652
LRRK1	0.0662
LRRK2	0.3442
LSM6	0
LSS	0.1916
LST1	0
LTA	0.09
LTA4H	0.1
LTB	0.2318
LTB4R	0.1
LTB4R2	0.07
LTBR	0.2
LTC4S	0.0509
LTF	0.0662
LTK	0.3018
LTN1	0.0067
LUM	0.0862
LVRN	0.0705
LY96	0.2318
LYN	0.5041
LYPD3	0
LYRM9	0
LYVE1	0
LYZ	0.2118
M6PR	0.05
MAB21L4	0.0275
MAD1L1	0.0257
MADCAM1	0.0703
MAEA	0.1618
MAFK	0.0407
MAG	0.1
MAGEA3	0
MALAT1	0
MALT1	0.4274
MAN1B1	0.1
MAN2A1	0.05
MAOA	0.2
MAOB	0.2
MAP1A	0
MAP2	0
MAP2K1	0.9351
MAP2K2	0.7161
MAP2K3	0.2756
MAP2K4	0.7419
MAP2K5	0.1732
MAP2K6	0.2
MAP2K7	0.3941
MAP3K1	0.6757
MAP3K10	0.14
MAP3K11	0.2231
MAP3K12	0.14
MAP3K13	0.4393
MAP3K15	0.1
MAP3K19	0.1
MAP3K2	0.2819
MAP3K20	0
MAP3K3	0.1973
MAP3K4	0.1547
MAP3K5	0.2
MAP3K6	0.2118
MAP3K7	0.5445
MAP3K7CL	0.06
MAP3K9	0.14
MAP4	0
MAP4K1	0.2324
MAP4K2	0.16
MAP4K3	0.1924
MAP4K4	0.16
MAP4K5	0.12
MAPK1	0.8353
MAPK10	0.2162
MAPK11	0.2
MAPK12	0.2
MAPK13	0.2
MAPK14	0.2623
MAPK15	0.16
MAPK3	0.3622
MAPK4	0.1035
MAPK6	0.1511
MAPK7	0.15
MAPK8	0.2162
MAPK8IP1	0.0324
MAPK9	0.2162
MAPKAP1	0.2558
MAPKAPK2	0.2
MAPKAPK3	0.13
MAPKAPK5	0.2057
MAPT	0.12
MARCHF8	0
MARCKS	0.0614
MARCKSL1	0
MARCO	0.05
MARK1	0.1
MARK2	0.3193
MARK3	0.139
MARK4	0.1
MAS1	0.0662
MASP2	0.05
MAST1	0.116
MAT1A	0.05
MAT2A	0.0324
MATK	0.0862
MB	0
MBL2	0.05
MBLAC1	0
MBNL1	0.1519
MBP	0.0162
MC1R	0.3381
MC2R	0.2345
MC3R	0.1
MC4R	0.1192
MC5R	0.1
MCAM	0.05
MCAT	0.0157
MCCC1	0
MCCC2	0.05
MCFD2	0
MCHR1	0.1
MCHR2	0.1
MCL1	0.4092
MCM7	0.06
MCOLN3	0.05
MDGA2	0.1618
MDH1	0.02
MDH2	0.0754
MDM2	0.5876
MDM4	0.6073
ME1	0.1
ME2	0
ME3	0.0105
MECOM	0.502
MED1	0.0362
MED12	0.4206
MED12L	0
MED17	0.0324
MED19	0
MED24	0.0162
MEGF11	0
MELK	0.1361
MEN1	0.4683
MERTK	0.2788
MET	0.8749
METAP1	0.1
METAP1D	0.05
METAP2	0.1162
METTL21A	0.05
MGA	0.4287
MGAM	0.3618
MGAT1	0
MGAT4A	0.05
MGLL	0.1
MGMT	0.2941
MGP	0.05
MGST1	0.2118
MGST2	0.05
MGST3	0.074
MICB	0
MICU1	0.0617
MIEF2	0.0046
MIER3	0.0051
MIF	0.1
MINK1	0.1562
MIP	0.05
MIR155	0
MIR2054	0
MIR27A	0
MIR582	0
MITF	0.5074
MKNK1	0.3018
MKNK2	0.14
MLC1	0
MLH3	0.1024
MLLT3	0.3154
MLNR	0.1
MLST8	0.1
MMAA	0
MMACHC	0.0203
MME	0.2162
MMP1	0.16
MMP10	0.3124
MMP11	0.12
MMP12	0.1362
MMP13	0.1473
MMP14	0.16
MMP15	0.12
MMP16	0.12
MMP17	0.135
MMP19	0.07
MMP2	0.2324
MMP20	0.07
MMP21	0.05
MMP23A	0
MMP24	0.07
MMP25	0.12
MMP26	0.1
MMP27	0.0669
MMP28	0.0533
MMP3	0.12
MMP7	0.1381
MMP8	0.1385
MMP9	0.1413
MMUT	0
MOBP	0
MOCOS	0
MOCS2	0
MOCS3	0.05
MPG	0.02
MPHOSPH8	0.05
MPI	0.1785
MPL	0.7016
MPO	0.1162
MPST	0.0662
MR1	0.05
MRC1	0.07
MRGPRX1	0.1018
MRGPRX2	0.05
MRM2	0.0601
MRO	0
MRPL39	0
MRPL41	0
MRTFA	0
MS4A1	0.2
MS4A2	0
MSANTD1	0
MSH2	0.5006
MSH5	0.02
MSH6	0.5955
MSLN	0.05
MSMB	0.0662
MSMO1	0.15
MSRA	0
MST1R	0.2941
MSTN	0.11
MT-ATP6	0.05
MT-CO1	0.02
MT-CO2	0.18
MT-CO3	0.02
MT-CYB	0
MT-ND1	0
MT-ND2	0
MT-ND3	0
MT-ND4	0.2
MT-ND4L	0
MT-ND5	0
MT-ND6	0
MT-RNR1	0
MT1A	0
MT1E	0
MT1F	0.0162
MT1H	0
MT1JP	0
MT2A	0.0362
MT3	0.05
MTAP	0.2779
MTERF4	0
MTF1	0.2408
MTFMT	0
MTHFD1	0.0511
MTHFD2	0.0767
MTHFR	0
MTMR9	0.0791
MTNR1A	0.2
MTNR1B	0.2
MTOR	0.7368
MTR	0.1683
MTRR	0.05
MTTP	0.2
MTUS2	0
MUC1	0.3574
MUC16	0.2118
MUC17	0.0662
MUC2	0.05
MUC5AC	0.05
MUCL3	0
MUSK	0.1174
MUTYH	0.2993
MVK	0
MYB	0.5825
MYC	0.5044
MYCN	0.4654
MYD88	0.5615
MYH11	0.3274
MYH14	0.1648
MYH3	0.0368
MYH6	0.07
MYH7	0.07
MYH7B	0.0384
MYH9	0.3716
MYL12A	0
MYL2	0.06
MYL3	0
MYL6B	0
MYL7	0
MYLIP	0.0478
MYLK	0.16
MYLK2	0.07
MYLK3	0.12
MYLK4	0.1162
MYO1E	0.0162
MYO1H	0
MYO3A	0.07
MYO9B	0.0208
MYOD1	0.4774
MYT1L	0.0063
N6AMT1	0.0043
NAAA	0.1162
NADSYN1	0.0349
NAE1	0.1
NAGA	0.05
NAGK	0
NAGLU	0.0661
NAGPA	0
NAGS	0
NALCN	0.05
NAMPT	0.1712
NAPEPLD	0.0162
NARS1	0
NARS2	0.0173
NAT1	0.1
NAT2	0.05
NBEA	0.3019
NCAM1	0.09
NCAM2	0
NCAN	0.07
NCF4	0.02
NCL	0.0612
NCOA1	0.5074
NCOA2	0.4285
NCOA3	0.3003
NCOA5	0.0993
NCOR2	0.6044
NCS1	0
NCSTN	0.2918
NDST1	7e-04
NDUFA1	0.018
NDUFA10	0.0398
NDUFA11	0.0189
NDUFA12	0.0352
NDUFA13	0.02
NDUFA2	0.0238
NDUFA3	0
NDUFA4	0.3818
NDUFA4L2	0.0108
NDUFA5	0.0299
NDUFA6	0.01
NDUFA7	0
NDUFA8	0.0356
NDUFA9	0.0229
NDUFAB1	0
NDUFAF1	0.0391
NDUFAF2	0.0434
NDUFAF3	0.0378
NDUFAF4	0.044
NDUFB1	0
NDUFB10	0.0104
NDUFB11	0.0252
NDUFB2	0.02
NDUFB3	0.0651
NDUFB4	0.0111
NDUFB5	0.0321
NDUFB6	0.0093
NDUFB7	0.0058
NDUFB8	0.0247
NDUFB9	0.0264
NDUFC1	0.0258
NDUFC2	0.1973
NDUFS1	0.0447
NDUFS2	0.0308
NDUFS3	0.0137
NDUFS4	0
NDUFS5	0.0187
NDUFS6	0
NDUFS7	0.0739
NDUFS8	0.0253
NDUFV1	0.0145
NDUFV2	0.0074
NDUFV3	0.02
NECTIN4	0.0162
NEDD4	0.0885
NEDD4L	0.2785
NEIL1	0
NEIL2	0.0059
NEK1	0.103
NEK11	0.05
NEK2	0.16
NEK3	0.0755
NEK4	0.05
NEK5	0.1
NEK9	0.1057
NELFB	0.06
NELFCD	0.06
NETO1	0.0103
NEU1	0.05
NEU2	0
NEU3	0.0248
NEUROD1	0.15
NF1	0.5738
NFATC1	0.1725
NFATC2	0.5174
NFE2	0.1618
NFE2L1	0.0588
NFE2L2	0.6919
NFIB	0.442
NFKB1	0.3662
NFKB2	0.6541
NFKBIA	0.5986
NFKBIB	0.0528
NFS1	0
NGF	0.16
NGFR	0.2962
NID1	0.07
NIM1K	0.0743
NIP7	0
NISCH	0.2
NKX2-1	0.4488
NKX6-1	0
NLK	0.14
NLRP1	0
NLRP3	0.153
NMBR	0.1
NME1	0.1409
NME2	0.0794
NMNAT1	0.1271
NMNAT3	0
NMRAL1	0.0112
NMT1	0.1
NMT2	0.1
NMUR1	0.1106
NMUR2	0.1
NNMT	0.1
NNT	0.0182
NOC4L	0
NOD1	0.2818
NOD2	0.22
NOLC1	0
NOMO1	0
NOS1	0.1
NOS1AP	0.0197
NOS2	0.2
NOS3	0.1439
NOTCH1	0.7973
NOTCH2	0.5687
NOTCH3	0.2979
NOTCH4	0.3179
NOX1	0.1
NOXA1	0.04
NOXO1	0.0031
NPC1	0.05
NPC1L1	0.2
NPEPL1	0.025
NPEPPS	0.0662
NPFFR1	0.1
NPFFR2	0.2618
NPHS1	0
NPIPB8	0
NPM1	0.6838
NPPA	0.12
NPPB	0.05
NPPC	0.0801
NPR1	0.2
NPR2	0.05
NPR3	0.1
NPSR1	0.1105
NPTX2	0.05
NPY	0.07
NPY1R	0.1
NPY2R	0.1
NPY4R	0.1
NPY5R	0.1045
NQO1	0.1
NQO2	0.1
NR0B1	0.07
NR1D1	0.1
NR1D2	0.05
NR1H2	0.1162
NR1H3	0.1
NR1H4	0.2
NR1I2	0.1162
NR1I3	0.1
NR2C2	0.1724
NR2E1	0.05
NR2E3	0.05
NR2F1	0.0514
NR2F2	0.1255
NR3C1	0.4062
NR3C2	0.2
NR4A1	0.0862
NR4A3	0.3574
NR5A1	0.1
NR5A2	0.2255
NRARP	0
NRAS	0.7919
NRDC	0.0151
NRG1	0.3893
NRG2	0.0743
NRG3	0.0862
NRIP1	0.221
NRP1	0.07
NRP2	0.02
NRXN1	0.05
NSD2	0.2993
NSDHL	0.147
NSF	0
NSMF	0.0066
NT5C	0.0149
NT5C1A	0
NT5C2	0.3154
NT5C3A	0
NT5E	0.14
NT5M	0
NTF3	0.09
NTNG1	0.05
NTRK1	0.5874
NTRK2	0.2979
NTRK3	0.4435
NTS	0.0553
NTSR1	0.1
NTSR2	0.1
NUAK1	0.1562
NUAK2	0.1162
NUBPL	0.0601
NUCB1	0.05
NUCB2	0.05
NUDC	0.02
NUDT15	0.0038
NUDT9	0
NUP50	0.04
OAS1	0.07
OASL	0.0446
OAT	0.1
OAZ1	0.02
OBP2A	0.025
OBP2B	0.025
OCRL	0.07
ODC1	0.28
OGA	3e-04
OGDH	0.02
OGFOD1	0.0028
OGFOD2	0
OGG1	0
OLR1	0.0662
OPCML	0.0662
OPLAH	0
OPN1LW	0.05
OPRD1	0.256
OPRK1	0.2
OPRL1	0.1
OPRM1	0.2
OR11G2	0.025
OR11H4	0.025
OR11H6	0.025
OR4K13	0.025
OR4K17	0.025
OR4L1	0.025
OR4N5	0.025
OR52E2	0.025
OR52J2P	0
OR52J3	0.025
OR6B2	0.025
OR6B3	0.025
ORM1	0.05
ORM2	0.05
OSGEP	0.05
OSM	0.07
OSMR	0.0266
OTC	0.1
OTOS	0.025
OXCT1	0
OXER1	0.1
OxLDL	0
OXSR1	0.2
OXT	0.07
OXTR	0.2528
P2RX1	0.1
P2RX2	0.05
P2RX3	0.1
P2RX4	0.1
P2RX7	0.1
P2RY1	0.1
P2RY11	0.1
P2RY12	0.2203
P2RY13	0.1
P2RY14	0.0507
P2RY2	0.2
P2RY4	0.15
P2RY6	0.1914
P3H1	0.0774
P3H2	0.0027
P3H3	0.05
P4HA1	0.1
P4HA2	0
P4HB	0.07
P4HTM	0.1
PABPC1	0.3154
PABPC3	0.0162
PACSIN2	0.0477
PADI1	0.1
PADI2	0.0227
PADI3	0.1
PADI4	0
PADI6	0
PAEP	0.0662
PAFAH1B3	0
PAH	0.2
PAICS	0.0182
PAK1	0.3779
PAK2	0.3063
PAK3	0.3418
PAK4	0.18
PAK5	0.1618
PAK6	0.18
PALB2	0.3474
PAM	0.1
PANX1	0
PANX2	0.0162
PANX3	0
PAPLN	0.05
PAPOLA	0.0562
PAPPA	0.05
PAPSS1	0.0162
PARD3B	0
PARD6B	0.1272
PARG	0
PARK7	0.1024
PARP1	0.4863
PARP15	0.05
PARP2	0.4218
PARP3	0.3818
PARS2	0
PASK	0.2118
PAUF	0
PAX2	0.0162
PAX4	0.0324
PAX5	0.5787
PAX8	0.4574
PBK	0.1293
PBRM1	0.6419
PC	0.2151
PCBD1	0.0326
PCCA	0.1618
PCCB	0.05
PCDH19	0.02
PCK1	0.092
PCMT1	0.05
PCNA	0.08
PCSK1	0.12
PCSK5	0.1162
PCSK6	0.1162
PCSK9	0.2
PCTP	0.0381
PCYT1A	0
PCYT1B	0
PCYT2	0.0284
PDCD1	0.3618
PDCD1LG2	0.36
PDCD6	0.0074
PDE10A	0.225
PDE11A	0.1
PDE1A	0.2
PDE1B	0.2
PDE1C	0.206
PDE2A	0.2113
PDE3A	0.3618
PDE3B	0.22
PDE4	0
PDE4A	0.2
PDE4B	0.2358
PDE4C	0.2
PDE4D	0.2162
PDE5A	0.2
PDE6A	0.2
PDE6B	0.2007
PDE6C	0.2
PDE6D	0.2
PDE6G	0.2
PDE6H	0.2
PDE7A	0.2
PDE7B	0.2
PDE8A	0.2
PDE8B	0.2
PDE9A	0.1
PDF	0.0164
PDGFA	0.1724
PDGFB	0.4474
PDGFC	0.09
PDGFD	0.09
PDGFRA	0.7503
PDGFRB	0.6241
PDHA1	0.0563
PDHA2	0
PDHB	0.0947
PDIA2	0.07
PDIA3	0.07
PDK1	0.3618
PDK2	0.1
PDK3	0.05
PDK4	0.05
PDPK1	0.3779
PDS5B	0.3647
PDXK	0.1914
PDXP	0
PDYN	0.0824
PEAR1	8e-04
PEBP1	0.0862
PEBP4	0.05
PECAM1	0
PECR	0.05
PEDS1	0.15
PEDS1-UBE2V1	0
PEF1	0.0017
PEMT	0
PER1	0.3074
PER2	0.0162
PERP	0.06
PF4	0.0862
PFAS	0.0517
PFKFB1	0
PFKFB4	0.0116
PFKL	0.1063
PFN1	0.1979
PFN2	0
PGA3	0.05
PGA5	0.2
PGAM1	0.02
PGAM2	0.02
PGAP6	0.007
PGBD3	0
PGC	0.1
PGD	0.12
PGF	0.2452
PGGT1B	0.1112
PGK1	0.04
PGLYRP2	0.05
PGLYRP3	0.05
PGM1	0.04
PGP	0.0455
PGR	0.4303
PGRMC1	0
PHB1	0
PHB2	0.02
PHEX	0.05
PHGDH	0.0094
PHKG1	0.1
PHKG2	0.1
PHOSPHO1	0.1
PHYH	0
PHYKPL	0.0625
PI3	0.05
PI4K2A	0.0739
PI4K2B	0.057
PI4KA	0.12
PI4KB	0.1391
PICK1	0
PIGF	0.05
PIGM	0.0093
PIK3C2A	0.1762
PIK3C2B	0.3379
PIK3C2G	0.2818
PIK3C3	0.3418
PIK3CA	0.8963
PIK3CB	0.6788
PIK3CD	0.6279
PIK3CG	0.4731
PIK3R1	0.7664
PIK3R2	0.3279
PIK3R3	0.3079
PIK3R4	0.07
PIK3R5	0.26
PIK3R6	0.11
PIKFYVE	0
PIM1	0.629
PIM2	0.2662
PIM3	0.1297
PIN1	0.2162
PIP	0.0662
PIP4K2A	0.0852
PIP4K2B	0.12
PIP4K2C	0.1995
PIP4P1	0
PIP5K1C	0.14
PIPOX	0
PIPSL	0
PISD	0.02
PITPNA	0.02
PIWIL1	0.0162
PKD2	0.05
PKD2L1	0.05
PKIA	0.04
PKLR	0.07
PKM	0.16
PKMYT1	0.12
PKN1	0.12
PKN2	0.1677
PKN3	0.05
PLA2G10	0.1
PLA2G1B	0.1
PLA2G2A	0.1162
PLA2G2D	0.1
PLA2G2E	0.1
PLA2G3	0.05
PLA2G4A	0.16
PLA2G5	0.1
PLA2G6	0.1
PLA2G7	0.1162
PLAT	0.2943
PLAU	0.14
PLAUR	0.12
PLCD1	0.1196
PLCD3	0.05
PLCE1	0.0862
PLCG1	0.5581
PLCG2	0.4173
PLCL1	0.05
PLCXD3	0.0432
PLD1	0.2126
PLD2	0.16
PLEKHA1	0.02
PLEKHA4	0
PLEKHA6	0.02
PLEKHH2	0
PLEKHJ1	0
PLG	0.24
PLIN1	0
PLIN3	0
PLK1	0.2162
PLK2	0.3378
PLK3	0.18
PLK4	0.12
PLOD1	0.05
PLOD2	0
PLOD3	0
PLPBP	0.0226
PLTP	0.05
PLXNA1	0.0162
PMAIP1	0.2418
PMCH	0.05
PMEL	0.05
PML	0.4814
PMM2	0.0508
PMP2	0.05
PMP22	0.05
PMS2	0.4174
PNLIP	0.2
PNLIPRP2	0.05
PNMT	0.1
PNOC	0.0602
PNP	0.2226
PNPLA3	0.0066
PNPLA7	0.0172
PNPO	0.0023
POLA1	0.26
POLA2	0.04
POLB	0.1099
POLD1	0.5393
POLE	0.7172
POLE2	0.04
POLE3	0.071
POLE4	0.0827
POLG	0.2108
POLH	0.0387
POLI	0
POLK	0.02
POLL	0.02
POLR1G	0
POLR2A	0.2418
POLR3G	0
POLRMT	0
POMC	0.07
PON1	0.2209
POR	0.0662
PORCN	0.1659
POU2F2	0.1979
POU5F1	0.3419
PPA1	0
PPA2	0.0283
PPARA	0.2162
PPARD	0.1
PPARG	0.6935
PPARGC1B	0
PPAT	0.2189
PPBP	0.07
PPCDC	0.1203
PPIA	0.22
PPIB	0.12
PPIC	0.05
PPID	0.1
PPIF	0.1177
PPIG	0.1
PPIH	0.0694
PPM1D	0.6037
PPOX	0.1505
PPP1CA	0.1836
PPP1CC	0.1897
PPP1R12C	0
PPP1R13L	0.0562
PPP1R18	0.005
PPP1R1A	0
PPP1R1B	0.0464
PPP1R7	0
PPP2CA	0.1324
PPP2CB	0.1162
PPP2R1A	0.6419
PPP2R2A	0.2965
PPP2R5C	0.1331
PPP2R5D	0.1
PPP3CA	0.14
PPP3CB	0.0562
PPP3CC	0.0562
PPP3R1	0.02
PPP3R2	0.02
PPP5C	0.11
PPT1	0.0521
PPY	0.07
PRB2	0.2118
PRCP	0.1
PRDX1	0.1834
PRDX2	0.02
PRDX4	0.05
PRDX5	0.02
PRDX6	0.055
PREP	0.1
PRF1	0.4193
PRG2	0.05
PRKAA1	0.2868
PRKAA2	0.2162
PRKAB1	0.15
PRKAB2	0.1531
PRKACA	0.5168
PRKACB	0.2614
PRKACG	0.15
PRKAG1	0.1591
PRKAG2	0.15
PRKAG3	0.15
PRKAR1A	0.4948
PRKAR2A	0.15
PRKAR2B	0.1353
PRKCA	0.2324
PRKCB	0.3579
PRKCD	0.3324
PRKCE	0.2842
PRKCG	0.1648
PRKCH	0.16
PRKCI	0.4635
PRKCQ	0.16
PRKCZ	0.2162
PRKD1	0.3379
PRKD2	0.3018
PRKD3	0.14
PRKDC	0.3618
PRKG1	0.14
PRKG2	0.14
PRKX	0.14
PRL	0.0958
PRLR	0.1879
PRMT1	0.16
PRMT3	0.1288
PRNP	0.1
PROC	0.1027
PROCR	0.05
PRODH	0.0162
PRORP	0
PROS1	0.0529
PROX1	0.1662
PROZ	0.0508
PRPF31	0
PRPF4B	0.2818
PRR21	0
PRRC2A	0
PRRT2	0.0585
PRSS1	0.3818
PRSS2	0.12
PRSS3	0.1
PRSS53	0.025
PRSS55	0.0461
PRSS8	0.2618
PRTN3	0.1
PSAP	0.05
PSAT1	0
PSCA	0.0533
PSEN1	0.2368
PSEN2	0.1876
PSENEN	0.1882
PSG5	0
PSMA1	0.28
PSMA2	0.13
PSMA3	0.1462
PSMA4	0.13
PSMA5	0.13
PSMA6	0.1462
PSMA7	0.13
PSMA8	0.085
PSMB1	0.28
PSMB10	0.2241
PSMB11	0.11
PSMB2	0.28
PSMB3	0.105
PSMB4	0.13
PSMB5	0.3
PSMB6	0.13
PSMB7	0.13
PSMB8	0.28
PSMB9	0.18
PSMC1	0.15
PSMC1P1	0
PSMC2	0.15
PSMC3	0.1
PSMC3IP	0.0398
PSMC4	0.08
PSMC5	0.13
PSMC6	0.0762
PSMD1	0.1
PSMD10	0.2241
PSMD10P1	0
PSMD10P2	0
PSMD10P3	0
PSMD11	0.0962
PSMD12	0.1
PSMD13	0.1
PSMD14	0.11
PSMD2	0.1
PSMD3	0.1
PSMD4	0.08
PSMD4P1	0
PSMD5	0.08
PSMD6	0.1
PSMD7	0.15
PSMD8	0.08
PSMD9	0.095
PSME1	0.06
PSME2	0.06
PSME2P2	0
PSME3	0.1389
PSME4	0.06
PSMF1	0.1176
PSORS1C1	0
PSORS1C2	0
PSORS1C3	0
PSPH	0.0203
PTAFR	0.12
PTBP1	0.07
PTCH1	0.4649
PTDSS1	0.0458
PTDSS2	0.15
PTEN	0.7
PTGDR	0.2705
PTGDR2	0.1
PTGDS	0.05
PTGER1	0.22
PTGER2	0.2
PTGER3	0.2
PTGER4	0.3287
PTGES	0.1227
PTGES3	0.02
PTGFR	0.2
PTGIR	0.2
PTGIS	0.05
PTGR1	0.05
PTGR2	0.05
PTGR3	0
PTGS1	0.2362
PTGS2	0.22
PTH	0.05
PTH1R	0.2
PTH2R	0.1
PTHLH	0.05
PTK2	0.2468
PTK2B	0.2162
PTK6	0.4621
PTK7	0.2279
PTMA	0.0724
PTP4A1	0.3025
PTP4A3	0.1162
PTPA	0
PTPN1	0.3779
PTPN11	0.6772
PTPN12	0.2979
PTPN22	0.1
PTPN4	0.2118
PTPN5	0.12
PTPN6	0.5074
PTPN7	0.1896
PTPRB	0.4474
PTPRC	0.5163
PTPRD	0.3574
PTPRE	0.07
PTPRG	0.1
PTPRM	0.05
PTPRS	0.2618
PTS	0.0107
PURA	0
PUS1	0.0518
PVALB	0
PVR	0.05
PVT1	0
PXN	0.1
PYCR1	0
PYCR2	0.0775
PYCR3	0
PYGB	0.0776
PYGL	0.12
PYGM	0.1
PZP	0.05
QDPR	0.1137
QPCT	0.1
QPRT	0
RAB11A	0.0362
RAB27A	0.02
RAB5A	0.06
RAB7A	0.0718
RAB8B	0
RAB9A	0.05
RABEP1	0.3074
RABGAP1L	0
RABGGTA	0.065
RABGGTB	0.09
RAC1	0.6318
RAC2	0.3253
RACGAP1	0.0924
RACK1	0.08
RAD51	0.3218
RAD51B	0.4155
RAD51C	0.2179
RAD51D	0.2218
RAD52	0.2018
RAD54L	0.1876
RAF1	0.7751
RALA	0.0681
RALBP1	0.04
RAMP1	0.2
RAMP2	0.2
RAMP3	0.2
RAN	0.02
RANBP1	0.0324
RAP2A	0.02
RAPGEF3	0.04
RAPGEF4	0.12
RAPGEF6	0.2235
RARA	0.5963
RARB	0.2162
RARG	0.2184
RARRES1	0
RARS1	0
RASGRP1	0.0596
RASGRP3	0.27
RB1	0.7338
RBL2	0.1162
RBM11	0
RBM44	0.0018
RBP1	0.0662
RBP3	0.05
RBP4	0.1
RBX1	0.1
RCAN1	0
RCE1	0.1
RCVRN	0
RDH11	0.0724
RDH12	0.05
RDH13	0.025
RDH14	0.062
RDH5	0.05
RDH8	0.05
RDX	0.0162
RECQL	0.2118
REEP5	0
REG1A	0.0526
REG3A	0.05
RELA	0.2415
REM2	0
REN	0.2
RENBP	0
RET	0.6606
RETSAT	0
REV1	0
REV3L	0.3589
RFC1	0.06
RFK	0.0695
RFPL4B	0
RGL4	0.0162
RGMA	0
RGN	0
RGS12	0.0721
RGS2	0.0252
RGS4	0.12
RGS5	0
RGS8	0
RHBDF2	0
RHD	0.05
RHEB	0.3065
RHO	0.0662
RHOA	0.6489
RHOB	0.3596
RIC3	0.0226
RICTOR	0.2796
RIMBP2	0
RIN3	0.0075
RIOK1	0.1
RIOK2	0.05
RIOK3	0.1
RIPK1	0.2627
RIPK2	0.14
RIPK3	0.16
RIPK4	0.1
RIPOR2	0
RIPOR3	0
RLN2	0.0923
RNASE1	0.1
RNASE10	0.0504
RNASE2	0.1
RNASE3	0.05
RNASE4	0.05
RNASEH2A	0.0627
RNASEL	0.1362
RND3	0.0362
RNF112	0
RNF114	0
RNF208	0
RNF8	0.0842
RNPEP	0.1
RNPEPL1	0.05
ROCK1	0.4779
ROCK2	0.5674
ROR1	0.0662
ROR2	0.0862
RORA	0.278
RORB	0.1
RORC	0.1241
ROS1	0.4074
RP1-139D8.6	0
RP1-66C13.4	0
RP11-162A12.2	0
RP11-17M16.1	0
RP11-297N6.4	0
RP11-321M21.3	0
RP11-41O4.1	0
RP11-481A20.11	0
RP11-723G8.2	0
RP11-861L17.3	0
RP11-94B19.4	0
RP1L1	0
RPA1	0.0962
RPE65	0.0246
RPGR	0.0324
RPIA	0.02
RPL10	0.3154
RPL10L	0
RPL11	0.0562
RPL13	0
RPL13A	0
RPL14	0
RPL15	0
RPL18	0
RPL19	0
RPL23	0.0162
RPL23A	0.1618
RPL26L1	0
RPL3	0
RPL35	0
RPL37	0
RPL4	0.02
RPL8	0.02
RPS13	0.02
RPS17	0
RPS18	0
RPS19	0
RPS2	0.0362
RPS28	0
RPS5	0
RPS6	0.04
RPS6KA1	0.2375
RPS6KA2	0.2162
RPS6KA3	0.3941
RPS6KA4	0.3218
RPS6KA5	0.3618
RPS6KA6	0.1962
RPS6KB1	0.2162
RPS6KB2	0.2918
RPS8	0
RPS9	0
RPSA	0
RPTOR	0.2418
RRAS2	0.4725
RRBP1	0.0162
RRM1	0.22
RRM2	0.22
RRM2B	0.0767
RRP1B	0
RRP7A	0
RSL24D1	0
RSPO3	0.3493
RTCB	0
RTKN2	0.1618
RTN4	0.0985
RTTN	0
RUNX1	0.7719
RUNX3	0.2111
RUVBL2	0.08
RWDD2B	0
RXFP1	0.05
RXFP2	0.05
RXFP3	0.0672
RXRA	0.7179
RXRB	0.2
RXRG	0.2
RYR1	0.2
RYR2	0.2
RYR3	0.2
S100A1	0
S100A10	0.02
S100A11	0.0428
S100A12	0.09
S100A13	0.05
S100A16	0
S100A2	0.0562
S100A4	0.0162
S100A6	0.15
S100A7	0.2679
S100A8	0.0662
S100A9	0.05
S100B	0.14
S100G	0
S100P	0
S1PR1	0.2449
S1PR2	0.2618
S1PR3	0.35
S1PR4	0.2
S1PR5	0.2
SAA1	0.1062
SACM1L	0
SACS	0.0534
SAE1	0.05
SAG	0.0362
SALL3	0
SAMHD1	0.2605
SAMSN1	0.0385
SAP130	0
SAR1B	0.0441
SARS2	0.005
SAT1	0
SBK1	0.1
SBK3	0.1
SCAP	0
SCARB1	0.1227
SCD	0.126
SCG5	0.2166
SCGB1A1	0.07
SCLY	0.0908
SCMH1	0.085
SCN10A	0.2
SCN11A	0.2
SCN1A	0.2
SCN1B	0.0627
SCN2A	0.2
SCN2B	0.05
SCN3A	0.2
SCN3B	0.0722
SCN4A	0.2
SCN4B	0
SCN5A	0.2
SCN7A	0.2
SCN8A	0.2
SCN9A	0.3618
SCNN1A	0.22
SCNN1B	0.2
SCNN1D	0.05
SCNN1G	0.2
SCO1	0.0304
SCPEP1	0.05
SCTR	0.2
SCYL1	0.1362
SDC1	0.0932
SDC2	0.15
SDF2	0.0653
SDF4	0
SDHA	0.3331
SDHB	0.3313
SDHC	0.3193
SDHD	0.3274
SDS	0
SDSL	0
SEC14L2	0.0362
SEC14L3	0.0068
SEC14L4	0
SEC16A	0.02
SELE	0.12
SELENOP	0
SELL	0.1
SELP	0.1162
SELPLG	0.2118
SEM1	0
SEMA3C	0.05
SEMA4D	0.2118
SEMG1	0.05
SEMG2	0.05
SENP1	0.07
SENP2	0.0405
SENP3	0
SENP6	0.0662
SENP7	0.1084
SENP8	0.05
SEPSECS	0.0141
SEPTIN6	0
SERPINA1	0.07
SERPINA3	0.0626
SERPINA4	0.05
SERPINA5	0.05
SERPINA6	0.1097
SERPINA7	0.05
SERPINB2	0.05
SERPINB3	0.2318
SERPINB5	0.1305
SERPINB6	0.0518
SERPINB8	0.05
SERPINB9	0.05
SERPINC1	0.2
SERPIND1	0.05
SERPINE1	0.2
SERPINF1	0.0743
SERPINF2	0.109
SERPING1	0.05
SERTAD4	0.0055
SETD2	0.6419
SETD4	0.1868
SETD7	0.2618
SF1	0.0362
SF3A2	0
SF3A3	0.0162
SF3B1	0.5176
SF3B2	0.1618
SF3B3	0.1162
SFN	0.1662
SFPQ	0.3435
SFRP4	0.3774
SFSWAP	0
SFTA2	0.025
SFTPA1	0.07
SFTPB	0.0633
SFTPD	0.07
SGK1	0.6722
SGK2	0.05
SGK3	0.1026
SGPL1	0.1
SGSH	0.05
SGSM3	0
SH2B1	0.02
SH2B3	0.3235
SH2D1A	0.1818
SH2D5	0
SHBG	0.1
SHH	0.16
SHMT1	0.0562
SHMT2	0.0664
SI	0.1
SIAH1	0.0762
SIGLEC1	0.05
SIGLEC7	0.05
SIGLEC8	0.05
SIGMAR1	0.2261
SIK1	0.1962
SIK2	0.1162
SIK3	0.24
SIRPA	0.2318
SIRT1	0.2182
SIRT2	0.1162
SIRT3	0.1162
SIRT5	0.05
SIVA1	0.0273
SKIC3	0
SKP1	0.1
SLAMF1	0.05
SLAMF7	0.2
SLC10A1	0.1
SLC10A2	0.2
SLC11A2	0.14
SLC12A1	0.2
SLC12A2	0.2531
SLC12A3	0.2
SLC12A4	0.1015
SLC12A5	0.0665
SLC12A6	0.05
SLC12A7	0.1282
SLC14A2	0.0522
SLC15A1	0.1
SLC15A2	0.05
SLC15A4	0.05
SLC16A1	0.2494
SLC16A2	0.05
SLC16A3	0.1786
SLC16A4	0.05
SLC16A5	0.025
SLC16A6	0.0286
SLC16A7	0.05
SLC16A8	0.05
SLC18A1	0.1
SLC18A2	0.2
SLC18A3	0.1
SLC19A1	0.2165
SLC19A3	0.05
SLC1A1	0.1346
SLC1A2	0.2618
SLC1A3	0.1646
SLC1A4	0.05
SLC1A5	0.2062
SLC1A6	0.05
SLC1A7	0.05
SLC22A1	0.1
SLC22A11	0.2
SLC22A12	0.2
SLC22A14	0.025
SLC22A16	0.05
SLC22A2	0.1
SLC22A3	0.1
SLC22A4	0.05
SLC22A5	0.0581
SLC22A6	0.2
SLC22A7	0.05
SLC22A8	0.2
SLC22A9	0.05
SLC23A1	0.05
SLC24A5	0.05
SLC25A12	0.0608
SLC25A13	0.05
SLC25A15	0.05
SLC25A2	0.05
SLC25A20	0.07
SLC25A29	0.05
SLC25A31	0.05
SLC25A4	0.09
SLC25A5	0.0951
SLC25A6	0.1349
SLC26A8	0.0529
SLC26A9	0.05
SLC28A1	0.05
SLC28A2	0.1
SLC28A3	0.05
SLC29A1	0.2
SLC29A2	0.05
SLC29A3	0.05
SLC29A4	0.05
SLC2A1	0.1946
SLC2A2	0.12
SLC2A3	0.14
SLC2A4	0.09
SLC2A5	0.05
SLC30A8	0.1542
SLC30A9	0.1488
SLC31A1	0.086
SLC32A1	0.05
SLC34A2	0.3662
SLC34A3	0.05
SLC36A1	0.05
SLC36A2	0.05
SLC38A1	0.1218
SLC38A3	0.05
SLC39A14	0.05
SLC39A6	0.2
SLC39A8	0.05
SLC44A1	0.05
SLC44A4	0.05
SLC46A1	0.1
SLC47A1	0.1
SLC47A2	0.1126
SLC4A1	0.05
SLC4A8	0.0879
SLC52A2	0.0631
SLC5A1	0.1
SLC5A11	0.1
SLC5A2	0.2
SLC5A3	0.2
SLC5A4	0.1
SLC5A5	0.07
SLC5A6	0.0631
SLC5A7	0.1
SLC5A8	0.0662
SLC6A1	0.2221
SLC6A11	0.05
SLC6A12	0.1
SLC6A13	0.05
SLC6A14	0.05
SLC6A15	0.05
SLC6A19	0.05
SLC6A2	0.2
SLC6A3	0.2
SLC6A4	0.2
SLC6A5	0.1
SLC6A7	0.1
SLC6A8	0.05
SLC6A9	0.1
SLC7A1	0.1721
SLC7A11	0.1951
SLC7A2	0.0569
SLC7A3	0.05
SLC7A4	0.0873
SLC7A5	0.07
SLC7A7	0.05
SLC7A8	0.05
SLC8A1	0.1
SLC9A1	0.27
SLC9A3	0.0913
SLC9A5	0.05
SLC9A8	0.05
SLCO1A2	0.05
SLCO1B1	0.1
SLCO1B3	0.1
SLCO1C1	0.05
SLCO2B1	0.1056
SLCO4C1	0.05
SLIT1	0.2318
SLITRK6	0.1878
SLK	0.1162
SLPI	0.05
SMAD2	0.5449
SMAD3	0.5382
SMAD4	0.65
SMAD7	0.25
SMARCA1	0.3154
SMARCA2	0.5974
SMARCA4	0.7419
SMARCA5	0.0562
SMARCB1	0.4525
SMARCE1	0.3593
SMG6	0.02
SMIM21	0
SMN1	0
SMN2	0.05
SMO	0.5878
SMOX	0.05
SMPD1	0.0902
SMPD3	0.07
SMPD4	0.05
SMPDL3B	0.05
SMS	0.1
SNAI1	0.0562
SNAP25	0.07
SNAPC4	0
SNCA	0.12
SNED1	0
SNORD68	0
SNRK	0.05
SNRPA	0
SNRPD2	0.02
SNU13	0
SNX29	0.2993
SNX3	0
SOAT1	0.1773
SOAT2	0.1
SOCS1	0.3916
SOCS6	0.02
SOD1	0.2318
SOD2	0.0662
SOD3	0.05
SORCS2	0
SORD	0.1
SORT1	0
SOS2	0.1162
SOST	0.05
SOX10	0.3118
SOX17	0.4507
SOX2	0.4574
SOX9	0.6208
SP1	0.1
SP3	0.0562
SPACA3	0.05
SPARC	0.1646
SPATA2	0
SPATA5	0.0162
SPECC1L	0
SPECC1L-ADORA2A	0
SPG7	0.05
SPHK1	0.14
SPHK2	0.14
SPINK6	0.05
SPINT1	0.0754
SPIRE2	0
SPOP	0.5457
SPOPL	0
SPP1	0.11
SPR	0.05
SPSB2	0.05
SPTBN1	0.1324
SPTLC1	0
SPTLC2	0.074
SPTLC3	0
SQLE	0.25
SQSTM1	0.2019
SRC	0.6519
SRCIN1	0
SRD5A1	0.2254
SRD5A2	0.2
SRD5A3	0.1194
SREBF1	0.1688
SRGAP3	0.3754
SRGN	0.05
SRI	0.0381
SRMS	0.1
SRP14	0
SRP19	0
SRPK1	0.1501
SRPK2	0.1
SRPRB	0
SRR	0
SRRM1	0.0162
SRSF1	0.1779
SRSF10	0
SRSF4	0
SST	0.0804
SSTR1	0.2
SSTR2	0.2
SSTR3	0.2
SSTR4	0.2
SSTR5	0.2
ST14	0.1
ST3GAL5	0
ST6GAL1	0.1
STAB1	0
STAB2	0
STAG2	0.5602
STAG3	0.02
STAT1	0.3779
STAT3	0.7706
STAT4	0.2018
STAT5A	0.3579
STAT5B	0.5974
STAT6	0.6701
STEAP1	0.05
STING1	0
STIP1	0.0362
STK10	0.1162
STK11	0.7419
STK16	0.1
STK17A	0.1
STK17B	0.1116
STK24	0.1362
STK25	0.1
STK26	0.12
STK3	0.1
STK32A	0.1251
STK32B	0.1
STK33	0.1162
STK35	0.1062
STK36	0.07
STK38	0.13
STK38L	0.1
STK39	0.05
STK4	0.1162
STMN4	0
STN1	0.0338
STS	0.1
STX11	0
STX1B	0
STX2	0.0162
STX4	0.1288
STXBP2	0
SUCLG2	0.02
SUCNR1	0.0571
SULT1A1	0.05
SULT1A2	0.05
SULT1A3	0.05
SULT1A4	0
SULT1B1	0.05
SULT1C3	0
SULT1C4	0
SULT1E1	0.1
SULT2A1	0.07
SULT2B1	0.05
SUMO1	0.1
SUMO2	0.06
SUMO4	0
SUOX	0.05
SUV39H1	0.1
SV2A	0.2117
SV2C	0.05
SYK	0.6416
SYN1	0.0119
SYNCRIP	0.0707
SYP	0
SYT1	0.0162
SYT14	0
SYT2	0
TAAR1	0.2
TAAR6	0.05
TAB1	0.15
TAB2	0.2099
TAC1	0.0862
TAC3	0.12
TACC3	0.0504
TACR1	0.2
TACR2	0.1
TACR3	0.1
TACSTD2	0.0162
TAF1	0.4216
TAF6	0.04
TAGLN	0.0562
TAGLN2	0.02
TAOK1	0.2941
TAOK2	0.1162
TAOK3	0.1
TAPBP	0.0303
TARDBP	0
TARS1	0
TARS2	0
TAS1R2	0.05
TAS1R3	0.05
TAS2R16	0.05
TAS2R31	0.0649
TAT	0.0162
TBC1D1	0.0162
TBK1	0.16
TBL1XR1	0.5491
TBP	0.06
TBX2	0.1409
TBX3	0.5471
TBXA2R	0.2203
TBXAS1	0.1148
TBXT	0.15
TCF19	0.0569
TCF7L2	0.6187
TCN1	0.05
TDO2	0.1
TDP1	0.12
TDP2	0.1971
TEAD1	0.074
TEC	0.4474
TEK	0.4018
TENT4A	0.0115
TEP1	0
TERC	0
TERT	0.5582
TESK1	0.0689
TET2	0.5757
TEX10	0
TF	0.09
TFAP2A	0.1662
TFDP1	0.1324
TFF1	0.07
TFF2	0.05
TFPI	0.05
TFPI2	0.0662
TFRC	0.4374
TG	0.1106
TGFA	0.11
TGFB1	0.2485
TGFB2	0.15
TGFB3	0.15
TGFBR1	0.4164
TGFBR2	0.7257
TGFBR3	0.1462
TGM2	0.1
TGM3	0.1324
TH	0.24
THBD	0.0662
THBS1	0.0862
THBS2	0.07
THBS4	0.07
THOP1	0.05
THPO	0.07
THRA	0.2329
THRB	0.2362
THRSP	0
THSD7B	0.1618
TIE1	0.1067
TIGIT	0
TIMM21	0
TIMP3	0.0662
TIRAP	0
TJP1	0.0562
TJP2	0.1085
TK1	0.2095
TK2	0.1084
TKT	0.1855
TLE3	0.3023
TLK1	0.1162
TLK2	0.159
TLL2	0.2549
TLR2	0.1568
TLR3	0.0814
TLR4	0.1524
TLR5	0.05
TLR7	0.22
TLR8	0.12
TLR9	0.22
TMEM132C	0
TMEM132D	0
TMEM167A	0
TMEM97	0.0179
TMLHE	0
TMPRSS15	0.2618
TMPRSS2	0.4354
TMSB10	0
TMX2	0.025
TMX3	0.0567
TNC	0.2318
TNF	0.3162
TNFAIP1	0
TNFAIP3	0.5649
TNFAIP6	0.05
TNFRSF10A	0.1562
TNFRSF10B	0.1062
TNFRSF11A	0.3693
TNFRSF11B	0.05
TNFRSF12A	0.0751
TNFRSF13B	0.0663
TNFRSF13C	0.05
TNFRSF17	0.3493
TNFRSF18	0.0862
TNFRSF1A	0.12
TNFRSF1B	0.0865
TNFRSF4	0.07
TNFRSF8	0.22
TNFRSF9	0.07
TNFSF11	0.2
TNFSF12	0.0662
TNFSF13	0.05
TNFSF13B	0.2545
TNFSF14	0.05
TNFSF4	0.05
TNIK	0.12
TNK1	0.1162
TNK2	0.1483
TNKS	0.2027
TNNC1	0.2
TNNC2	0
TNNI2	0
TNNI3	0.05
TNNI3K	0.1
TNNT2	0.0602
TNNT3	0
TNRC6A	0.0962
TOLLIP	0.02
TOP1	0.6082
TOP1MT	0.2
TOP2A	0.2524
TOP2B	0.1012
TOR1A	0.0116
TOR4A	0
TP53	0.7419
TP53AIP1	0.0575
TP73	0.1824
TPBG	0.05
TPCN1	0.05
TPCN2	0.0503
TPD52L2	0
TPH1	0.2352
TPH2	0.1425
TPI1	0.02
TPK1	0.15
TPM1	0
TPM3	0.2993
TPM4	0.2993
TPMT	0.1145
TPO	0.2
TPSAB1	0.22
TPSB2	0
TPSD1	0.05
TPT1	0
TRAC	0.02
TRAF1	0.02
TRAF3IP1	0
TRAF3IP2	0
TRAP1	0.2
TRAPPC1	0
TRAPPC14	0.0516
TRAPPC3	0
TRAPPC4	0
TRAPPC5	0
TRAPPC6A	0
TRAPPC6B	0
TRBC1	0.02
TRBV20OR9-2	0
TRDMT1	0
TREM1	0.05
TREML4	0
TRGV3	0
TRH	0.07
TRHR	0.206
TRIB2	0.0855
TRIB3	0.13
TRIM13	0.0162
TRIM5	0.03
TRIT1	0.0592
TRPA1	0.2
TRPC1	0.05
TRPC3	0.12
TRPC4	0.05
TRPC5	0.1
TRPC6	0.1344
TRPC7	0.05
TRPM2	0.1
TRPM3	0.05
TRPM4	0.1
TRPM5	0.0724
TRPM7	0.0631
TRPM8	0.2145
TRPV1	0.22
TRPV2	0.0513
TRPV3	0.1
TRPV4	0.1
TRPV5	0.0793
TRPV6	0.1
TSC1	0.5896
TSC2	0.5734
TSC22D3	0
TSG101	0.0662
TSHB	0.07
TSHR	0.5235
TSHZ1	0.0171
TSHZ2	0.0235
TSLP	0.0662
TSPAN5	0
TSPEAR	0.05
TSPEAR-AS2	0
TSPO	0.1
TSPYL1	0.061
TSSK1B	0.1
TSSK2	0.05
TST	0.05
TTC5	0.02
TTK	0.3993
TTLL3	0.0233
TTR	0.2
TUB	0.05
TUBA1A	0.1362
TUBA1B	0.1162
TUBA1C	0.1
TUBA3C	0.1
TUBA3D	0
TUBA3E	0.1
TUBA4A	0.1428
TUBA4B	0
TUBA8	0.0683
TUBB	0.2
TUBB1	0.2109
TUBB2A	0.3618
TUBB2B	0.2
TUBB3	0.2
TUBB4A	0.2
TUBB4B	0.3352
TUBB6	0.2
TUBB8	0.2
TUBD1	0.05
TUBE1	0.0731
TUBG1	0.05
TUFM	0.0171
TWIST2	0.15
TXK	0.1162
TXN	0.2162
TXN2	0.09
TXNDC11	0.0662
TXNRD1	0.22
TXNRD2	0.05
TYK2	0.4418
TYMP	0.2
TYMS	0.2714
TYMSOS	0
TYR	0.251
TYRO3	0.4487
TYRP1	0.2362
UAP1	0.0998
UBA1	0
UBA2	0.05
UBA3	0.02
UBB	0.1
UBC	0.1
UBE2D1	0.1
UBE2D2	0.1
UBE2F	0.0565
UBE2F-SCLY	0
UBE2I	0.1
UBE2N	0.1262
UBE2T	0.0914
UBE2V1	0
UBR1	0.0464
UBR4	0.0162
UCHL1	0.1324
UCK2	0.0126
UCKL1	0.0092
UCP1	0.05
UCP2	0.05
UGCG	0.2989
UGDH	0
UGGT2	0
UGT1A1	0.05
UGT1A10	0.05
UGT1A3	0.05
UGT1A4	0.05
UGT1A5	0.025
UGT1A6	0.05
UGT1A7	0.05
UGT1A8	0.05
UGT1A9	0.05
UGT2A1	0.025
UGT2B10	0.2118
UGT2B15	0.05
UGT2B17	0.05
UGT2B4	0.05
UGT2B7	0.1
UGT3A1	0
ULK1	0.12
ULK2	0.12
ULK3	0.1
UMOD	0.05
UMPS	0.2456
UNC13C	0
UNC13D	0
UNG	0
UPP1	0.1
UQCR10	0
UQCR11	0
UQCRB	0.0013
UQCRC1	0
UQCRC2	0.0662
UQCRFS1	0
UQCRH	0
UQCRQ	0
UROD	0.0138
USP1	0.1921
USP14	0.0962
USP16	0.04
USP17L2	0
USP2	0.09
USP25	0.011
USP5	0.05
USP9Y	0
UST	0
UTRN	0.0064
UTS2R	0.1136
VAC14	0.0534
VAMP1	0.0637
VAMP2	0.07
VARS1	0
VARS2	0.05
VASP	0.0427
VAV1	0.4074
VAV2	0.2858
VCAM1	0.12
VCAN	0.09
VCP	0.12
VDAC1	0.0275
VDAC2	0.0673
VDAC3	0
VDR	0.2962
VEGFA	0.4379
VEGFB	0.24
VEGFC	0.09
VHL	0.5738
VIM	0.1457
VIP	0.09
VIPR1	0.1
VIPR2	0.1078
VKORC1	0.2
VKORC1L1	0.05
VLDLR	0.0162
VPS35	0
VSIR	0
VTCN1	0.1618
VTN	0.06
VWF	0.09
WARS1	0
WARS2	0.0652
WAS	0.4693
WASF3	0.0524
WEE1	0.18
WNK1	0.2479
WNT5B	0.09
WNT7A	0.1062
WRN	0.5374
WSB1	0.1001
WT1	0.6089
XBP1	0.4318
XDH	0.2504
XIAP	0.4879
XIRP2	0.0162
XK	0
XPC	0.4331
XPNPEP1	0.05
XPNPEP2	0.1
XPNPEP3	0.2118
XPO1	0.6015
XRCC1	0.0748
XRCC3	0.04
XRCC4	0.0603
XRCC5	0.0962
XRN1	0.1779
XYLB	0.0039
XYLT2	0.2023
YARS1	0
YARS2	0.05
YEATS4	0.0162
YES1	0.4489
YWHAB	0.1534
YWHAE	0.4074
YWHAG	0.1662
YWHAH	0.1
YWHAQ	0.134
YWHAZ	0.1324
ZACN	0.101
ZAP70	0.1416
ZBTB22	0
ZDHHC7	0
ZFY	0.0162
ZIC4	0.1618
ZKSCAN1	0
ZMAT4	0
ZMYM2	0.3516
ZMYND19	0
ZMYND8	0.1441
ZNF100	0
ZNF134	0.0057
ZNF211	0
ZNF236	0.0017
ZNF292	0.3235
ZNF3	0
ZNF385D	0
ZNF407	0
ZNF423	0.02
ZNF429	0.1618
ZNF516	0
ZNF565	0
ZNF705D	0
ZNF804A	0
ZNRF3	0.4044
ZSCAN21	0.0108
ZSCAN25	0
ZWINT	0
ZYX	0.0414
ZZEF1	0.1696
